"Date(UTC)","BlockNumber","UnixTimeStamp","Value","ClientVersion"
"1/23/2019","7111289","1548202180","180427595683","1.8.21"
"1/24/2019","7116274","1548288519","180427599016","1.8.21"
"1/25/2019","7121375","1548374948","181437999437","1.8.21"
"1/26/2019","7126462","1548461373","181438824915","1.8.21"
"1/27/2019","7131517","1548547768","181439384907","1.8.21"
"1/28/2019","7136539","1548634184","183677147160","1.8.21"
"1/29/2019","7141416","1548720584","183677207220","1.8.21"
"1/30/2019","7146292","1548806992","183677207286","1.8.21"
"1/31/2019","7151230","1548893366","183677212456","1.8.21"
"2/1/2019","7156164","1548979719","184726421279","1.8.21"
"2/2/2019","7161012","1549066185","184726654448","1.8.21"
"2/3/2019","7165949","1549152555","184726769049","1.8.21"
"2/4/2019","7170805","1549238960","186974874323","1.8.21"
"2/5/2019","7175752","1549325378","186974913559","1.8.21"
"2/6/2019","7180654","1549411752","186974923662","1.8.21"
"2/7/2019","7185533","1549498147","186974939161","1.8.21"
"2/8/2019","7190465","1549584594","186974941698","1.8.21"
"2/9/2019","7195382","1549670996","188036647969","1.8.21"
"2/10/2019","7200281","1549757369","188036745122","1.8.21"
"2/11/2019","7204582","1549843745","189825908951","1.8.21"
"2/12/2019","7208771","1549930175","189825138765","1.8.21"
"2/13/2019","7213043","1550016550","191029008588","1.8.21"
"2/14/2019","7217203","1550102982","191029044688","1.8.21"
"2/15/2019","7221377","1550189370","191029043090","1.8.21"
"2/16/2019","7225536","1550275778","191029045208","1.8.21"
"2/17/2019","7229750","1550362124","193165253566","1.8.21"
"2/18/2019","7233897","1550448577","193137877427","1.8.21"
"2/19/2019","7238097","1550534972","193137884219","1.8.21"
"2/20/2019","7242392","1550621383","193137888523","1.8.21"
"2/21/2019","7246851","1550712635","193137897277","1.8.21"
"2/22/2019","7250875","1550794176","194181810792","1.8.21"
"2/23/2019","7255115","1550880560","194182026829","1.8.21"
"2/24/2019","7259664","1550971156","196325633666","1.8.21"
"2/25/2019","7263727","1551053376","196296727498","1.8.21"
"2/26/2019","7267963","1551139772","197073035945","1.8.23"
"2/27/2019","7272243","1551226152","197073058856","1.8.23"
"2/28/2019","7276521","1551312590","197073145113","1.8.23"
"3/1/2019","7280899","1551398986","199088465575","1.8.23"
"3/2/2019","7286903","1551485381","199088849691","1.8.23"
"3/3/2019","7293291","1551571786","199088921951","1.8.23"
"3/4/2019","7299681","1551658184","200602638891","1.8.23"
"3/5/2019","7306064","1551744566","200602638891","1.8.23"
"3/6/2019","7312491","1551831000","201871904592","1.8.23"
"3/7/2019","7318905","1551917380","201604491690","1.8.23"
"3/8/2019","7325328","1552003781","201604184405","1.8.23"
"3/9/2019","7331716","1552090167","201604387267","1.8.23"
"3/10/2019","7338104","1552176592","201604387179","1.8.23"
"3/11/2019","7344613","1552262988","202699256432","1.8.23"
"3/12/2019","7351004","1552349395","204419948682","1.8.23"
"3/13/2019","7357449","1552435793","204419964105","1.8.23"
"3/14/2019","7363848","1552522168","204419956246","1.8.23"
"3/15/2019","7370286","1552608578","205517397610","1.8.23"
"3/16/2019","7376696","1552694999","205483456360","1.8.23"
"3/17/2019","7383215","1552781368","205484241813","1.8.23"
"3/18/2019","7389628","1552867792","207718119347","1.8.23"
"3/19/2019","7395988","1552954183","207718117044","1.8.23"
"3/20/2019","7402401","1553040584","207718117375","1.8.23"
"3/21/2019","7408881","1553126987","208764924658","1.8.23"
"3/22/2019","7415252","1553213386","208765329224","1.8.23"
"3/23/2019","7421669","1553299793","208765551736","1.8.23"
"3/24/2019","7428093","1553386183","208765784555","1.8.23"
"3/25/2019","7434528","1553472577","211490311579","1.8.23"
"3/26/2019","7440955","1553558995","211490591527","1.8.23"
"3/27/2019","7447300","1553645377","211490608555","1.8.23"
"3/28/2019","7453766","1553731800","212543508075","1.8.23"
"3/29/2019","7460155","1553818200","212543988885","1.8.23"
"3/30/2019","7466508","1553904567","212544453342","1.8.23"
"3/31/2019","7472888","1553990973","212544451994","1.8.23"
"4/1/2019","7479301","1554077379","213593630445","1.8.23"
"4/2/2019","7485716","1554163786","215289058604","1.8.23"
"4/3/2019","7492076","1554250200","215288693622","1.8.23"
"4/4/2019","7498412","1554336567","216778310694","1.8.23"
"4/5/2019","7504810","1554422979","216778339151","1.8.23"
"4/6/2019","7511241","1554509381","216778339151","1.8.23"
"4/7/2019","7517709","1554595797","217883131786","1.8.23"
"4/8/2019","7524167","1554682172","219620027227","1.8.23"
"4/9/2019","7530612","1554768574","219619507768","1.8.23"
"4/10/2019","7537034","1554854943","219619521067","1.8.23"
"4/11/2019","7543494","1554941392","220680034956","1.8.23"
"4/12/2019","7549877","1555027713","220680254789","1.8.23"
"4/13/2019","7556312","1555114178","220680443061","1.8.23"
"4/14/2019","7562793","1555200560","220680545054","1.8.23"
"4/15/2019","7569206","1555286987","223675883406","1.8.23"
"4/16/2019","7575652","1555373396","223675864883","1.8.23"
"4/17/2019","7582053","1555459780","223676082796","1.8.23"
"4/18/2019","7588436","1555546161","224723936536","1.8.23"
"4/19/2019","7594860","1555632599","224724371255","1.8.23"
"4/20/2019","7601290","1555718982","224724568620","1.8.23"
"4/21/2019","7607662","1555805362","224724704671","1.8.23"
"4/22/2019","7614122","1555891768","227788291919","1.8.23"
"4/23/2019","7620549","1555978178","227788291919","1.8.23"
"4/24/2019","7626867","1556064605","229824047924","1.8.27"
"4/25/2019","7633247","1556150990","229824047924","1.8.27"
"4/26/2019","7639719","1556237397","229824047924","1.8.27"
"4/27/2019","7646173","1556323776","229824047924","1.8.27"
"4/28/2019","7652636","1556410169","230801511537","1.8.27"
"4/29/2019","7659025","1556496577","232390568996","1.8.27"
"4/30/2019","7665482","1556582976","232390594495","1.8.27"
"5/1/2019","7671906","1556669402","232390620801","1.8.27"
"5/2/2019","7678364","1556755787","233451815372","1.8.27"
"5/3/2019","7684789","1556842158","235086863704","1.8.27"
"5/4/2019","7691138","1556928600","235086956734","1.8.27"
"5/5/2019","7697828","1557017199","235086960130","1.8.27"
"5/6/2019","7704050","1557101377","236914119633","1.8.27"
"5/7/2019","7710407","1557187762","236914122106","1.8.27"
"5/8/2019","7716799","1557274171","236914140814","1.8.27"
"5/9/2019","7723149","1557360601","237961489706","1.8.27"
"5/10/2019","7729500","1557446928","237962289953","1.8.27"
"5/11/2019","7735940","1557533399","237962293984","1.8.27"
"5/12/2019","7742340","1557619797","239017171106","1.8.27"
"5/13/2019","7748797","1557706190","241126996091","1.8.27"
"5/14/2019","7755243","1557793831","241127182777","1.8.27"
"5/15/2019","7761626","1557878947","241127212781","1.8.27"
"5/16/2019","7768084","1557965359","242188915214","1.8.27"
"5/17/2019","7774424","1558051780","242189228742","1.8.27"
"5/18/2019","7780870","1558138196","243259801689","1.8.27"
"5/19/2019","7787274","1558224585","245208598109","1.8.27"
"5/20/2019","7793659","1558310980","246221841373","1.8.27"
"5/21/2019","7800002","1558397362","246221841373","1.8.27"
"5/22/2019","7806339","1558483799","247324129693","1.8.27"
"5/23/2019","7812739","1558570186","247283877598","1.8.27"
"5/24/2019","7819073","1558656561","247284190190","1.8.27"
"5/25/2019","7825468","1558742984","248326423629","1.8.27"
"5/26/2019","7831991","1558829391","250167785159","1.8.27"
"5/27/2019","7838422","1558915804","251376214430","1.8.27"
"5/28/2019","7844818","1559002196","251376285888","1.8.27"
"5/29/2019","7851152","1559088576","252354561534","1.8.27"
"5/30/2019","7857691","1559174988","252356074907","1.8.27"
"5/31/2019","7863995","1559261385","252356205206","1.8.27"
"6/1/2019","7870462","1559347777","253407988741","1.8.27"
"6/2/2019","7876839","1559434187","253408876457","1.8.27"
"6/3/2019","7883222","1559520597","256239386957","1.8.27"
"6/4/2019","7889538","1559606904","256239422436","1.8.27"
"6/5/2019","7895948","1559693400","257222727950","1.8.27"
"6/6/2019","7902349","1559779793","257222777363","1.8.27"
"6/7/2019","7908791","1559866188","258592477361","1.8.27"
"6/8/2019","7915140","1559952576","258589498611","1.8.27"
"6/9/2019","7921483","1560038974","260184328411","1.8.27"
"6/10/2019","7927840","1560125402","261471690081","1.8.27"
"6/11/2019","7934307","1560211782","261471687762","1.8.27"
"6/12/2019","7940679","1560298194","262447665808","1.8.27"
"6/13/2019","7947059","1560384553","262447685636","1.8.27"
"6/14/2019","7953466","1560470967","264709680255","1.8.27"
"6/15/2019","7959879","1560557352","264709687473","1.8.27"
"6/16/2019","7966242","1560643782","264709694483","1.8.27"
"6/17/2019","7972678","1560730192","266870456978","1.8.27"
"6/18/2019","7979059","1560816594","266870454296","1.8.27"
"6/19/2019","7985433","1560902971","267833322572","1.8.27"
"6/20/2019","7991836","1560989401","267833317607","1.8.27"
"6/21/2019","7998224","1561075792","267833310180","1.8.27"
"6/22/2019","8004556","1561162171","268877158110","1.8.27"
"6/23/2019","8011034","1561248594","268877340417","1.8.27"
"6/24/2019","8017414","1561334982","271577729587","1.8.27"
"6/25/2019","8023862","1561421389","271577738729","1.8.27"
"6/26/2019","8030279","1561507795","272670993918","1.8.27"
"6/27/2019","8036706","1561594191","272636073520","1.8.27"
"6/28/2019","8043091","1561680541","272636083706","1.8.27"
"6/29/2019","8049478","1561766987","273669294416","1.8.27"
"6/30/2019","8055908","1561853382","275401279765","1.8.27"
"7/1/2019","8062339","1561939782","276499448346","1.8.27"
"7/2/2019","8068757","1562026174","276499489849","1.8.27"
"7/3/2019","8075174","1562112582","277551725118","1.8.27"
"7/4/2019","8081571","1562198981","277552301858","1.8.27"
"7/5/2019","8087987","1562285387","277552652494","1.8.27"
"7/6/2019","8094372","1562371783","278567237698","1.8.27"
"7/7/2019","8100834","1562458166","280352692878","1.8.27"
"7/8/2019","8107330","1562544584","281320171122","1.8.27"
"7/9/2019","8113762","1562630980","281320370267","1.8.27"
"7/10/2019","8120194","1562717402","282308168491","1.8.27"
"7/11/2019","8126602","1562803794","282219973985","1.8.27"
"7/12/2019","8133031","1562890156","412951313083","1.9.0"
"7/13/2019","8139384","1562976580","406562206372","1.9.0"
"7/14/2019","8145818","1563062997","162624688342","1.9.0"
"7/15/2019","8152343","1563149382","163499674849","1.9.0"
"7/16/2019","8158681","1563235795","163499956758","1.9.0"
"7/17/2019","8165005","1563322186","163500030109","1.9.0"
"7/18/2019","8171374","1563408598","163500137656","1.9.0"
"7/19/2019","8177862","1563494986","163500168281","1.9.0"
"7/20/2019","8184219","1563581319","164631000019","1.9.0"
"7/21/2019","8190722","1563667779","164784312373","1.9.0"
"7/22/2019","8197135","1563754191","168819346438","1.9.0"
"7/23/2019","8203612","1563840581","168987626088","1.9.0"
"7/24/2019","8210086","1563926975","169139513870","1.9.0"
"7/25/2019","8216529","1564013367","169283739583","1.9.0"
"7/26/2019","8222882","1564099777","169463423074","1.9.0"
"7/27/2019","8229324","1564186176","170853209887","1.9.0"
"7/28/2019","8235810","1564272580","170970836261","1.9.0"
"7/29/2019","8242270","1564358982","173024526001","1.9.0"
"7/30/2019","8248644","1564445381","173209998741","1.9.0"
"7/31/2019","8255135","1564531790","173407287542","1.9.0"
"8/1/2019","8261560","1564618180","173568004827","1.9.0"
"8/2/2019","8267903","1564704545","173714673465","1.9.0"
"8/3/2019","8274403","1564790981","174433932049","1.9.0"
"8/4/2019","8280873","1564877393","174553459286","1.9.0"
"8/5/2019","8287314","1564963773","176003482590","1.9.0"
"8/6/2019","8293772","1565050174","176131804576","1.9.0"
"8/7/2019","8300201","1565136594","176238670369","1.9.0"
"8/8/2019","8306699","1565222994","176411948940","1.9.0"
"8/9/2019","8313079","1565309368","176593133889","1.9.0"
"8/10/2019","8319494","1565395778","178019031524","1.9.0"
"8/11/2019","8325995","1565482202","178141028597","1.9.0"
"8/12/2019","8332422","1565568600","180314258858","1.9.0"
"8/13/2019","8338893","1565654995","180450403341","1.9.0"
"8/14/2019","8345327","1565741374","180587034165","1.9.0"
"8/15/2019","8351782","1565827768","180726597493","1.9.0"
"8/16/2019","8358191","1565914169","181371386315","1.9.0"
"8/17/2019","8364639","1566000581","181507214233","1.9.0"
"8/18/2019","8371128","1566086975","181659564122","1.9.0"
"8/19/2019","8377567","1566173387","183437363409","1.9.0"
"8/20/2019","8383940","1566259777","183580263854","1.9.0"
"8/21/2019","8390373","1566346182","183726878859","1.9.0"
"8/22/2019","8396818","1566432559","183873575252","1.9.0"
"8/23/2019","8403220","1566518992","184017064543","1.9.0"
"8/24/2019","8409697","1566605384","185567044220","1.9.0"
"8/25/2019","8416000","1566691786","185002105903","1.9.0"
"8/26/2019","8422589","1566778173","186168147950","1.9.2"
"8/27/2019","8428943","1566864552","185447733921","1.9.2"
"8/28/2019","8435344","1566950992","185583242930","1.9.2"
"8/29/2019","8441771","1567037395","185726479163","1.9.2"
"8/30/2019","8448246","1567123771","185865216728","1.9.2"
"8/31/2019","8454677","1567210147","186002000148","1.9.2"
"9/1/2019","8461093","1567296595","187485923125","1.9.2"
"9/2/2019","8467492","1567383002","191913029171","1.9.2"
"9/3/2019","8473919","1567469381","192053261343","1.9.2"
"9/4/2019","8480317","1567555794","192194234850","1.9.2"
"9/5/2019","8486710","1567642191","192337224927","1.9.2"
"9/6/2019","8493176","1567728604","192477609684","1.9.2"
"9/7/2019","8499554","1567814997","193999307501","1.9.2"
"9/8/2019","8505972","1567901383","193531380171","1.9.2"
"9/9/2019","8512370","1567987760","195187222381","1.9.2"
"9/10/2019","8518815","1568074202","195326252780","1.9.2"
"9/11/2019","8525205","1568160579","195468470426","1.9.2"
"9/12/2019","8531635","1568246936","195610515537","1.9.2"
"9/13/2019","8538074","1568333398","195751916218","1.9.2"
"9/14/2019","8544386","1568419776","195889515823","1.9.2"
"9/15/2019","8550817","1568506131","196590387888","1.9.2"
"9/16/2019","8557206","1568592605","197760898721","1.9.3"
"9/17/2019","8563661","1568678983","197904057374","1.9.3"
"9/18/2019","8570101","1568765400","198046589720","1.9.3"
"9/19/2019","8576567","1568851773","198184471950","1.9.3"
"9/20/2019","8582895","1568938176","198323689977","1.9.3"
"9/21/2019","8589345","1569024583","198468082509","1.9.3"
"9/22/2019","8595745","1569110993","199238829715","1.9.3"
"9/23/2019","8602126","1569197389","200358775220","1.9.3"
"9/24/2019","8608559","1569283745","200497346144","1.9.3"
"9/25/2019","8614851","1569370162","200622642329","1.9.3"
"9/26/2019","8621229","1569456580","200753236266","1.9.3"
"9/27/2019","8627637","1569542993","200885906488","1.9.3"
"9/28/2019","8633981","1569629372","201003847905","1.9.3"
"9/29/2019","8640418","1569715798","202089576986","1.9.3"
"9/30/2019","8646826","1569802207","203656033053","1.9.3"
"10/1/2019","8653219","1569888598","203793563990","1.9.3"
"10/2/2019","8659640","1569974988","203921355542","1.9.3"
"10/3/2019","8665979","1570061342","204051389779","1.9.3"
"10/4/2019","8672383","1570147789","204177897489","1.9.3"
"10/5/2019","8678819","1570234197","205087141277","1.9.3"
"10/6/2019","8685250","1570320594","205203777314","1.9.3"
"10/7/2019","8691698","1570406959","205319459443","1.9.3"
"10/8/2019","8698078","1570493401","205440773365","1.9.3"
"10/9/2019","8704421","1570579780","205575478372","1.9.3"
"10/10/2019","8710774","1570666129","205703072059","1.9.3"
"10/11/2019","8717132","1570752594","206849730848","1.9.3"
"10/12/2019","8723493","1570838999","206478902936","1.9.3"
"10/13/2019","8729825","1570925338","208186491819","1.9.3"
"10/14/2019","8736200","1571011794","208284172614","1.9.3"
"10/15/2019","8742589","1571098183","210303755529","1.9.3"
"10/16/2019","8749005","1571184588","210440100386","1.9.3"
"10/17/2019","8755341","1571270994","210558489515","1.9.3"
"10/18/2019","8761632","1571357398","210690033085","1.9.3"
"10/19/2019","8767980","1571443772","210823797550","1.9.3"
"10/20/2019","8774313","1571530173","212283786358","1.9.3"
"10/21/2019","8780696","1571616579","212780407130","1.9.6"
"10/22/2019","8786973","1571702996","212910606852","1.9.6"
"10/23/2019","8793393","1571789393","213052350141","1.9.6"
"10/24/2019","8799777","1571875782","213203197044","1.9.6"
"10/25/2019","8806021","1571962172","213343806810","1.9.6"
"10/26/2019","8812167","1572048586","214570783253","1.9.6"
"10/27/2019","8818435","1572134998","214697447041","1.9.6"
"10/28/2019","8824615","1572221380","215029463464","1.9.6"
"10/29/2019","8830863","1572307794","215158028955","1.9.6"
"10/30/2019","8837052","1572394192","215293746447","1.9.6"
"10/31/2019","8843296","1572480584","215431901023","1.9.6"
"11/1/2019","8849524","1572566949","215568309639","1.9.6"
"11/2/2019","8855776","1572653369","217030447227","1.9.6"
"11/3/2019","8861965","1572739724","217159687962","1.9.6"
"11/4/2019","8868213","1572826155","221257119513","1.9.6"
"11/5/2019","8874423","1572912569","221389760775","1.9.6"
"11/6/2019","8880645","1572998991","221526985354","1.9.6"
"11/7/2019","8886854","1573085385","221667479164","1.9.6"
"11/8/2019","8893027","1573171805","223005262383","1.9.6"
"11/9/2019","8899221","1573258169","223148073325","1.9.6"
"11/10/2019","8905341","1573344599","223295640416","1.9.6"
"11/11/2019","8911342","1573430994","224140742158","1.9.6"
"11/12/2019","8917320","1573517364","224277392861","1.9.6"
"11/13/2019","8923364","1573603789","224413620715","1.9.6"
"11/14/2019","8929359","1573690191","224550414195","1.9.6"
"11/15/2019","8935387","1573776595","226735744015","1.9.7"
"11/16/2019","8941376","1573862962","226874495929","1.9.7"
"11/17/2019","8947399","1573949401","227005529826","1.9.7"
"11/18/2019","8953432","1574035785","227795234029","1.9.7"
"11/19/2019","8959400","1574122178","227923004847","1.9.7"
"11/20/2019","8965314","1574208605","228060452580","1.9.7"
"11/21/2019","8971288","1574294984","229178668732","1.9.7"
"11/22/2019","8977356","1574381396","229313986523","1.9.7"
"11/23/2019","8983331","1574467790","229463705433","1.9.7"
"11/24/2019","8989370","1574554187","229608488320","1.9.7"
"11/25/2019","8995387","1574640574","232408090490","1.9.7"
"11/26/2019","9001290","1574727003","232536462833","1.9.7"
"11/27/2019","9006950","1574813403","232678806225","1.9.7"
"11/28/2019","9012598","1574899802","232817057089","1.9.7"
"11/29/2019","9018227","1574986200","232956272640","1.9.7"
"11/30/2019","9023845","1575072593","234353588990","1.9.7"
"12/1/2019","9029546","1575158988","234493349423","1.9.7"
"12/2/2019","9035143","1575245386","235979398488","1.9.7"
"12/3/2019","9040816","1575331792","236135852601","1.9.7"
"12/4/2019","9046460","1575418201","236284962059","1.9.7"
"12/5/2019","9052024","1575504568","236429357532","1.9.7"
"12/6/2019","9057648","1575590952","236564797158","1.9.7"
"12/7/2019","9063265","1575677394","237549635199","1.9.8"
"12/8/2019","9068923","1575763776","238255716119","1.9.8"
"12/9/2019","9074540","1575850169","238408401343","1.9.8"
"12/10/2019","9080186","1575936597","240039206286","1.9.8"
"12/11/2019","9085888","1576022970","240162154607","1.9.8"
"12/12/2019","9091464","1576109330","240311824020","1.9.8"
"12/13/2019","9097171","1576195771","240454459290","1.9.8"
"12/14/2019","9102654","1576282182","240599257428","1.9.8"
"12/15/2019","9107778","1576368577","240735521116","1.9.8"
"12/16/2019","9112905","1576454922","243168809107","1.9.9"
"12/17/2019","9118002","1576541393","243287417503","1.9.9"
"12/18/2019","9123044","1576627798","243405546097","1.9.9"
"12/19/2019","9128043","1576714173","243529426124","1.9.9"
"12/20/2019","9133057","1576800592","243650654028","1.9.9"
"12/21/2019","9138038","1576886936","245103642157","1.9.9"
"12/22/2019","9143116","1576973341","245242662485","1.9.9"
"12/23/2019","9148104","1577059775","249883708769","1.9.9"
"12/24/2019","9153115","1577146152","249995520928","1.9.9"
"12/25/2019","9158187","1577232561","250094471006","1.9.9"
"12/26/2019","9163180","1577318955","250191879649","1.9.9"
"12/27/2019","9168156","1577405374","250309425166","1.9.9"
"12/28/2019","9173186","1577491799","250432262369","1.9.9"
"12/29/2019","9178255","1577578179","251901072464","1.9.9"
"12/30/2019","9183294","1577664581","252118826652","1.9.9"
"12/31/2019","9188309","1577750999","252235272536","1.9.9"
"1/1/2020","9193298","1577837353","252353240822","1.9.9"
"1/2/2020","9198286","1577923760","252466600488","1.9.9"
"1/3/2020","9203965","1578010175","252599127438","1.9.9"
"1/4/2020","9210487","1578096595","252775007323","1.9.9"
"1/5/2020","9217066","1578182997","254285525472","1.9.9"
"1/6/2020","9223546","1578269390","257614536764","1.9.9"
"1/7/2020","9230133","1578355797","257786294467","1.9.9"
"1/8/2020","9236669","1578442185","257938241681","1.9.9"
"1/9/2020","9243315","1578530652","257972269449","1.9.9"
"1/10/2020","9249692","1578614985","258132509468","1.9.9"
"1/11/2020","9256250","1578701379","259695510550","1.9.9"
"1/12/2020","9262785","1578787805","259849117403","1.9.9"
"1/13/2020","9269295","1578874199","259984498275","1.9.9"
"1/14/2020","9275830","1578960583","260133936998","1.9.9"
"1/15/2020","9282353","1579046959","260204345033","1.9.9"
"1/16/2020","9289552","1579142679","260996021927","1.9.9"
"1/17/2020","9295368","1579219762","261539115377","1.9.9"
"1/18/2020","9301920","1579306191","262295570835","1.9.9"
"1/19/2020","9308443","1579392588","263057121663","1.9.9"
"1/20/2020","9315019","1579479002","263713920516","1.9.9"
"1/21/2020","9321527","1579565398","264489183210","1.9.9"
"1/22/2020","9328090","1579651761","264728499466","1.9.9"
"1/23/2020","9334566","1579738185","265520292235","1.9.9"
"1/24/2020","9341133","1579824602","266094344845","1.9.9"
"1/25/2020","9347661","1579910999","266961148433","1.9.9"
"1/26/2020","9354147","1579997380","267725831088","1.9.9"
"1/27/2020","9360646","1580083795","268561439088","1.9.9"
"1/28/2020","9367194","1580170188","269363876690","1.9.9"
"1/29/2020","9373701","1580256573","270431338201","1.9.9"
"1/30/2020","9380263","1580342970","271170470732","1.9.9"
"1/31/2020","9386696","1580429388","272281838383","1.9.9"
"2/1/2020","9393190","1580515796","273441758565","1.9.9"
"2/2/2020","9399687","1580602188","274241077689","1.9.9"
"2/3/2020","9406225","1580688593","274823973770","1.9.9"
"2/4/2020","9412749","1580774972","275814696339","1.9.9"
"2/5/2020","9419317","1580861403","277223427614","1.9.9"
"2/6/2020","9425767","1580947797","277588583195","1.9.9"
"2/7/2020","9432289","1581034176","278202061250","1.9.9"
"2/8/2020","9438789","1581120582","279151316515","1.9.9"
"2/9/2020","9445256","1581206986","280225642342","1.9.9"
"2/10/2020","9451753","1581293355","280914104544","1.9.9"
"2/11/2020","9458349","1581379802","281344948039","1.9.9"
"2/12/2020","9464867","1581466150","282419521282","1.9.9"
"2/13/2020","9471330","1581552576","283418698905","1.9.9"
"2/14/2020","9477828","1581638969","283903041091","1.9.9"
"2/15/2020","9484451","1581727087","284960013290","1.9.9"
"2/16/2020","9490770","1581811745","286035936574","1.9.9"
"2/17/2020","9497329","1581898175","286767837051","1.9.9"
"2/18/2020","9503781","1581984601","287634747697","1.9.9"
"2/19/2020","9510268","1582070997","288823408448","1.9.9"
"2/20/2020","9516824","1582157395","288869853472","1.9.9"
"2/21/2020","9523310","1582243794","289376252299","1.9.9"
"2/22/2020","9529774","1582330177","290550568568","1.9.9"
"2/23/2020","9536318","1582416595","291345140891","1.9.9"
"2/24/2020","9542839","1582502975","292399610831","1.9.9"
"2/25/2020","9549303","1582589371","293205897689","1.9.9"
"2/26/2020","9555773","1582675771","294998978281","1.9.11"
"2/27/2020","9562297","1582762164","295417678885","1.9.11"
"2/28/2020","9568815","1582848591","296438552098","1.9.11"
"2/29/2020","9575321","1582934985","298089948549","1.9.11"
"3/1/2020","9581833","1583021396","299209206870","1.9.11"
"3/2/2020","9588332","1583107744","299324077644","1.9.11"
"3/3/2020","9594861","1583194148","300566031337","1.9.11"
"3/4/2020","9601362","1583280572","301316548950","1.9.11"
"3/5/2020","9607895","1583366989","302058355317","1.9.11"
"3/6/2020","9614312","1583453350","302491389969","1.9.11"
"3/7/2020","9620878","1583539770","303273916694","1.9.11"
"3/8/2020","9627415","1583626188","304384430486","1.9.11"
"3/9/2020","9633964","1583712597","305262690087","1.9.11"
"3/10/2020","9640396","1583798980","306348312236","1.9.11"
"3/11/2020","9646909","1583885390","307025444146","1.9.11"
"3/12/2020","9653425","1583971779","307775432668","1.9.11"
"3/13/2020","9659882","1584058194","307190418802","1.9.11"
"3/14/2020","9666266","1584144579","307855848825","1.9.11"
"3/15/2020","9672738","1584230994","309254978807","1.9.11"
"3/16/2020","9679259","1584317361","310238775923","1.9.11"
"3/17/2020","9685748","1584403787","310193854028","1.9.11"
"3/18/2020","9692267","1584490174","311321373200","1.9.11"
"3/19/2020","9698781","1584576591","312529921528","1.9.11"
"3/20/2020","9705254","1584662991","313543899161","1.9.11"
"3/21/2020","9711704","1584749395","314709907499","1.9.11"
"3/22/2020","9718148","1584835778","315771250018","1.9.11"
"3/23/2020","9724447","1584922180","316811009166","1.9.11"
"3/24/2020","9730911","1585008586","317949297257","1.9.11"
"3/25/2020","9737246","1585094991","319436017748","1.9.11"
"3/26/2020","9743608","1585181383","320076684371","1.9.11"
"3/27/2020","9750098","1585267796","321533620957","1.9.11"
"3/28/2020","9756648","1585354186","322653886408","1.9.11"
"3/29/2020","9763135","1585440549","323802328977","1.9.11"
"3/30/2020","9769721","1585527001","324504903942","1.9.11"
"3/31/2020","9776164","1585613383","325310730200","1.9.11"
"4/1/2020","9782652","1585699788","326640526550","1.9.11"
"4/2/2020","9789193","1585786183","327451722262","1.9.11"
"4/3/2020","9795685","1585872538","328576758706","1.9.11"
"4/4/2020","9802210","1585958996","328150366397","1.9.11"
"4/5/2020","9808704","1586045389","328998173965","1.9.11"
"4/6/2020","9815205","1586131769","330124212856","1.9.11"
"4/7/2020","9821632","1586218153","331305601192","1.9.12"
"4/8/2020","9828201","1586304593","332713135828","1.9.12"
"4/9/2020","9834697","1586390966","333827920675","1.9.12"
"4/10/2020","9841174","1586477399","334992555443","1.9.12"
"4/11/2020","9847685","1586563765","335916824165","1.9.12"
"4/12/2020","9854105","1586650192","337451975115","1.9.12"
"4/13/2020","9860682","1586736585","338476590984","1.9.12"
"4/14/2020","9867188","1586823002","339544782570","1.9.12"
"4/15/2020","9873679","1586909373","340639738835","1.9.12"
"4/16/2020","9880179","1586995799","342033115054","1.9.12"
"4/17/2020","9886637","1587082199","343147649585","1.9.12"
"4/18/2020","9893081","1587168577","344641133579","1.9.12"
"4/19/2020","9899530","1587255003","345673816927","1.9.12"
"4/20/2020","9906017","1587341392","346758158972","1.9.12"
"4/21/2020","9912501","1587427777","347926880096","1.9.12"
"4/22/2020","9918944","1587514198","349171699809","1.9.12"
"4/23/2020","9925420","1587600573","350199127602","1.9.12"
"4/24/2020","9931878","1587686978","351385669076","1.9.12"
"4/25/2020","9938351","1587773350","352618765071","1.9.12"
"4/26/2020","9944771","1587859749","352024378689","1.9.12"
"4/27/2020","9951236","1587946187","352941910841","1.9.12"
"4/28/2020","9957691","1588032604","354363242647","1.9.13"
"4/29/2020","9964105","1588118961","354983166293","1.9.13"
"4/30/2020","9970629","1588205401","356141089843","1.9.13"
"5/1/2020","9977003","1588291770","357397665227","1.9.13"
"5/2/2020","9983473","1588378165","358611765397","1.9.13"
"5/3/2020","9989954","1588464576","359733385642","1.9.13"
"5/4/2020","9996382","1588550989","361176934226","1.9.13"
"5/5/2020","10002905","1588637397","362415582468","1.9.13"
"5/6/2020","10009415","1588723796","363513324821","1.9.13"
"5/7/2020","10015824","1588810175","364955094158","1.9.13"
"5/8/2020","10022259","1588896571","366241183560","1.9.13"
"5/9/2020","10028751","1588982973","367826020759","1.9.13"
"5/10/2020","10035144","1589069400","369285360651","1.9.13"
"5/11/2020","10041648","1589155801","370413752210","1.9.13"
"5/12/2020","10048077","1589242185","371827670017","1.9.13"
"5/13/2020","10054474","1589328581","372759039482","1.9.13"
"5/14/2020","10060956","1589414992","373803581420","1.9.13"
"5/15/2020","10067422","1589501361","373349101027","1.9.13"
"5/16/2020","10073826","1589587772","374553374434","1.9.13"
"5/17/2020","10080231","1589674196","375553581003","1.9.13"
"5/18/2020","10086707","1589760587","376047034637","1.9.13"
"5/19/2020","10093116","1589846950","377215165080","1.9.13"
"5/20/2020","10099508","1589933393","378525912410","1.9.13"
"5/21/2020","10105964","1590019772","379492336363","1.9.13"
"5/22/2020","10112425","1590106195","380635728817","1.9.13"
"5/23/2020","10118769","1590192562","382015711677","1.9.13"
"5/24/2020","10125276","1590278957","383477396057","1.9.13"
"5/25/2020","10131690","1590365395","384567892725","1.9.13"
"5/26/2020","10138033","1590451754","386405213620","1.9.13"
"5/27/2020","10144536","1590538175","387452315076","1.9.13"
"5/28/2020","10150978","1590624581","388887620970","1.9.14"
"5/29/2020","10157392","1590710988","390317162624","1.9.14"
"5/30/2020","10163816","1590797400","391449512365","1.9.14"
"5/31/2020","10170265","1590883767","392914214865","1.9.14"
"6/1/2020","10176735","1590970177","393970892183","1.9.14"
"6/2/2020","10183139","1591056594","395823909287","1.9.14"
"6/3/2020","10189591","1591143002","396654037437","1.9.14"
"6/4/2020","10195992","1591229389","396078736229","1.9.14"
"6/5/2020","10202420","1591315775","397505431503","1.9.14"
"6/6/2020","10208910","1591402183","398792620517","1.9.14"
"6/7/2020","10215337","1591488572","399159155513","1.9.14"
"6/8/2020","10221801","1591574982","400385059609","1.9.14"
"6/9/2020","10228221","1591661399","401848453396","1.9.14"
"6/10/2020","10234688","1591747762","403333351559","1.9.14"
"6/11/2020","10241059","1591834167","404402457526","1.9.14"
"6/12/2020","10247528","1591920596","405854067533","1.9.14"
"6/13/2020","10254026","1592006988","407077132846","1.9.14"
"6/14/2020","10260526","1592093380","408555825283","1.9.14"
"6/15/2020","10267040","1592179783","410028714076","1.9.14"
"6/16/2020","10273511","1592266193","411467336655","1.9.14"
"6/17/2020","10279949","1592352585","412911781404","1.9.14"
"6/18/2020","10286362","1592438978","413954306030","1.9.14"
"6/19/2020","10292812","1592525376","415811350755","1.9.14"
"6/20/2020","10299313","1592611762","416800290211","1.9.14"
"6/21/2020","10305780","1592698168","416777799942","1.9.14"
"6/22/2020","10312284","1592784588","418243444300","1.9.14"
"6/23/2020","10318725","1592870985","419733618113","1.9.14"
"6/24/2020","10325177","1592957356","420318956979","1.9.14"
"6/25/2020","10331662","1593043786","421711642350","1.9.14"
"6/26/2020","10338105","1593130156","423499482430","1.9.14"
"6/27/2020","10344581","1593216873","425283900655","1.9.14"
"6/28/2020","10351375","1593308734","428037055552","1.9.14"
"6/29/2020","10357449","1593389362","428907723091","1.9.14"
"6/30/2020","10363838","1593475800","430818000570","1.9.14"
"7/1/2020","10370324","1593562194","432948245406","1.9.14"
"7/2/2020","10376729","1593648585","434165298636","1.9.14"
"7/3/2020","10383175","1593734985","436025566190","1.9.14"
"7/4/2020","10389631","1593821321","437415783027","1.9.14"
"7/5/2020","10396071","1593907797","437411318554","1.9.14"
"7/6/2020","10402555","1593994201","438958944474","1.9.14"
"7/7/2020","10409029","1594080598","440533372708","1.9.14"
"7/8/2020","10415512","1594166971","441795703219","1.9.14"
"7/9/2020","10422020","1594253398","442270680489","1.9.14"
"7/10/2020","10428449","1594339782","443356140048","1.9.14"
"7/11/2020","10434855","1594426170","445242676511","1.9.14"
"7/12/2020","10441384","1594512562","446812548631","1.9.14"
"7/13/2020","10447873","1594598989","448264415903","1.9.14"
"7/14/2020","10454372","1594685310","450187891915","1.9.14"
"7/15/2020","10460784","1594771800","451465120219","1.9.14"
"7/16/2020","10467242","1594858193","452975931161","1.9.14"
"7/17/2020","10473659","1594944584","454785935161","1.9.14"
"7/18/2020","10480116","1595030994","456207017871","1.9.14"
"7/19/2020","10486633","1595117390","457706550915","1.9.14"
"7/20/2020","10493097","1595203761","458991530003","1.9.14"
"7/21/2020","10499523","1595290184","460938745500","1.9.14"
"7/22/2020","10505904","1595376586","459277838517","1.9.14"
"7/23/2020","10512371","1595462978","460783754709","1.9.14"
"7/24/2020","10518888","1595549380","462145572664","1.9.14"
"7/25/2020","10525388","1595635769","462448171623","1.9.14"
"7/26/2020","10531739","1595722164","463903338529","1.9.14"
"7/27/2020","10538229","1595808589","465468261879","1.9.14"
"7/28/2020","10544678","1595894990","466867414952","1.9.14"
"7/29/2020","10551147","1595981394","468712648360","1.9.14"
"7/30/2020","10557657","1596067788","470145455459","1.9.14"
"7/31/2020","10564051","1596154183","471808763977","1.9.14"
"8/1/2020","10570758","1596243898","473651278977","1.9.14"
"8/2/2020","10577049","1596326985","475153471766","1.9.14"
"8/3/2020","10583528","1596413374","476536979417","1.9.14"
"8/4/2020","10590002","1596499761","478024624895","1.9.14"
"8/5/2020","10596395","1596586179","479861032908","1.9.14"
"8/6/2020","10602872","1596672583","481331748745","1.9.14"
"8/7/2020","10609392","1596758991","480955745550","1.9.14"
"8/8/2020","10615871","1596845392","482419915863","1.9.14"
"8/9/2020","10622324","1596931796","483945612368","1.9.14"
"8/10/2020","10628852","1597018164","485274489226","1.9.14"
"8/11/2020","10635341","1597104585","485226387523","1.9.14"
"8/12/2020","10641794","1597190962","486409495695","1.9.14"
"8/13/2020","10648303","1597277369","487834348046","1.9.14"
"8/14/2020","10654780","1597363750","488665520855","1.9.14"
"8/15/2020","10661293","1597450191","490047499341","1.9.14"
"8/16/2020","10667762","1597536566","491583014260","1.9.14"
"8/17/2020","10674270","1597622980","492989583205","1.9.14"
"8/18/2020","10680676","1597709397","494549002654","1.9.14"
"8/19/2020","10687237","1597795792","495813944502","1.9.14"
"8/20/2020","10693734","1597882199","497295406228","1.9.14"
"8/21/2020","10700274","1597968526","499022567575","1.9.14"
"8/22/2020","10706756","1598054998","500389658966","1.9.14"
"8/23/2020","10713221","1598141380","501879567911","1.9.14"
"8/24/2020","10719792","1598227775","502998142035","1.9.14"
"8/25/2020","10726318","1598314197","504492474937","1.9.14"
"8/26/2020","10732743","1598400603","502749513611","1.9.14"
"8/27/2020","10739300","1598486982","504203335649","1.9.14"
"8/28/2020","10745806","1598573385","505712255255","1.9.14"
"8/29/2020","10752352","1598659781","507225386736","1.9.14"
"8/30/2020","10758846","1598746179","507292221702","1.9.14"
"8/31/2020","10765381","1598832601","508970518542","1.9.14"
"9/1/2020","10771972","1598918995","509682499928","1.9.14"
"9/2/2020","10778498","1599005391","510552103634","1.9.14"
"9/3/2020","10784993","1599091763","511467818889","1.9.14"
"9/4/2020","10791459","1599178166","513265404462","1.9.14"
"9/5/2020","10798062","1599264598","514574745983","1.9.14"
"9/6/2020","10804598","1599350991","515595720524","1.9.14"
"9/7/2020","10811211","1599437384","517365528758","1.9.14"
"9/8/2020","10817677","1599523792","518343921729","1.9.14"
"9/9/2020","10824203","1599610181","519818193949","1.9.14"
"9/10/2020","10830692","1599696496","521697609054","1.9.14"
"9/11/2020","10837217","1599782960","522714910992","1.9.14"
"9/12/2020","10843782","1599869394","523685998049","1.9.14"
"9/13/2020","10850278","1599955760","524604518234","1.9.14"
"9/14/2020","10856825","1600042184","526389988615","1.9.14"
"9/15/2020","10863283","1600128596","526956465683","1.9.14"
"9/16/2020","10869834","1600214998","525510540031","1.9.14"
"9/17/2020","10876288","1600301395","526135612677","1.9.14"
"9/18/2020","10882883","1600387789","528025108542","1.9.14"
"9/19/2020","10889318","1600474194","529291142619","1.9.14"
"9/20/2020","10895838","1600560573","528771612705","1.9.14"
"9/21/2020","10902430","1600646989","529772970025","1.9.14"
"9/22/2020","10908993","1600733384","529649749922","1.9.14"
"9/23/2020","10915439","1600819780","530587097538","1.9.14"
"9/24/2020","10921980","1600906194","531921102408","1.9.14"
"9/25/2020","10928487","1600992584","533311052047","1.9.14"
"9/26/2020","10934922","1601078985","534743140533","1.9.14"
"9/27/2020","10941352","1601165390","536108635817","1.9.14"
"9/28/2020","10947733","1601251755","537023929849","1.9.14"
"9/29/2020","10954112","1601338176","538495611739","1.9.14"
"9/30/2020","10960513","1601424583","539765029189","1.9.14"
"10/1/2020","10966912","1601510962","540651299469","1.9.14"
"10/2/2020","10973346","1601597377","542221445226","1.9.14"
"10/3/2020","10979690","1601683776","543709735735","1.9.14"
"10/4/2020","10986071","1601770191","545034429254","1.9.14"
"10/5/2020","10992439","1601856541","546022643906","1.9.14"
"10/6/2020","10998889","1601942973","547588057854","1.9.14"
"10/7/2020","11005359","1602029377","547993325704","1.9.14"
"10/8/2020","11011702","1602115785","549358301841","1.9.14"
"10/9/2020","11018007","1602202167","550609079006","1.9.14"
"10/10/2020","11024384","1602288583","552061052057","1.9.14"
"10/11/2020","11030891","1602374980","551858855430","1.9.14"
"10/12/2020","11037453","1602461361","553171724175","1.9.14"
"10/13/2020","11043920","1602547781","554363594440","1.9.14"
"10/14/2020","11050488","1602634179","555841327910","1.9.14"
"10/15/2020","11057037","1602720587","557234661976","1.9.14"
"10/16/2020","11063595","1602806991","558706954825","1.9.14"
"10/17/2020","11070103","1602893377","559760869787","1.9.14"
"10/18/2020","11076617","1602979802","561142167826","1.9.14"
"10/19/2020","11083070","1603066189","562749631568","1.9.14"
"10/20/2020","11089663","1603152575","564000430647","1.9.14"
"10/21/2020","11096167","1603238995","565209786311","1.9.14"
"10/22/2020","11102691","1603325370","566990779770","1.9.14"
"10/23/2020","11109226","1603411773","567458967909","1.9.14"
"10/24/2020","11115705","1603498171","568938299031","1.9.14"
"10/25/2020","11122279","1603584589","567970877896","1.9.14"
"10/26/2020","11128757","1603670964","569674854401","1.9.14"
"10/27/2020","11135225","1603757399","570374319837","1.9.14"
"10/28/2020","11141767","1603843777","571868395754","1.9.14"
"10/29/2020","11148320","1603930181","573462583548","1.9.14"
"10/30/2020","11154840","1604016594","574655131933","1.9.14"
"10/31/2020","11161341","1604102943","576006619038","1.9.14"
"11/1/2020","11167860","1604189386","577969055381","1.9.14"
"11/2/2020","11174377","1604275754","578988191063","1.9.23"
"11/3/2020","11180844","1604362185","580332178050","1.9.23"
"11/4/2020","11187359","1604448566","581818387127","1.9.23"
"11/5/2020","11193878","1604534953","583227104532","1.9.23"
"11/6/2020","11200418","1604621386","584683084593","1.9.23"
"11/7/2020","11206940","1604707771","586029104742","1.9.23"
"11/8/2020","11213435","1604794176","587496929131","1.9.23"
"11/9/2020","11219977","1604880580","588890720188","1.9.23"
"11/10/2020","11226487","1604966974","590725067088","1.9.23"
"11/11/2020","11232942","1605053390","591767504779","1.9.23"
"11/12/2020","11239465","1605139794","590579743403","1.9.23"
"11/13/2020","11245979","1605226200","592562110126","1.9.23"
"11/14/2020","11252519","1605312594","594080683531","1.9.23"
"11/15/2020","11259053","1605399000","595208927923","1.9.23"
"11/16/2020","11265594","1605485345","595202777500","1.9.23"
"11/17/2020","11272081","1605571785","596882982497","1.9.23"
"11/18/2020","11278608","1605658179","598197922624","1.9.23"
"11/19/2020","11285065","1605744558","599700536857","1.9.23"
"11/20/2020","11291672","1605830952","601078007741","1.9.23"
"11/21/2020","11298117","1605917371","602764155642","1.9.23"
"11/22/2020","11304685","1606003789","604158671141","1.9.23"
"11/23/2020","11311187","1606090167","605472352893","1.9.23"
"11/24/2020","11317654","1606176595","607363614075","1.9.24"
"11/25/2020","11324211","1606262984","609003763362","1.9.24"
"11/26/2020","11330683","1606349390","610503378751","1.9.24"
"11/27/2020","11337232","1606435778","611601142302","1.9.24"
"11/28/2020","11343645","1606522169","612944702957","1.9.24"
"11/29/2020","11350228","1606608573","612480150948","1.9.24"
"11/30/2020","11356737","1606694992","614037759524","1.9.24"
"12/1/2020","11363321","1606781382","615464116996","1.9.24"
"12/2/2020","11369833","1606867783","616847873454","1.9.24"
"12/3/2020","11376270","1606954172","616693996271","1.9.24"
"12/4/2020","11382835","1607040584","618553972292","1.9.24"
"12/5/2020","11389271","1607126999","620040938244","1.9.24"
"12/6/2020","11395781","1607213398","621398147639","1.9.24"
"12/7/2020","11402330","1607299755","622825658874","1.9.24"
"12/8/2020","11408807","1607386199","624716841175","1.9.24"
"12/9/2020","11415283","1607472594","626072780783","1.9.24"
"12/10/2020","11421886","1607558962","627425882149","1.9.24"
"12/11/2020","11428308","1607645400","629041108917","1.9.24"
"12/12/2020","11434790","1607731785","630386335243","1.9.24"
"12/13/2020","11441285","1607818192","631863804788","1.9.24"
"12/14/2020","11447782","1607904576","633194398685","1.9.24"
"12/15/2020","11454299","1607990994","635050104521","1.9.24"
"12/16/2020","11460793","1608077375","636329041739","1.9.24"
"12/17/2020","11467319","1608163786","634520049087","1.9.24"
"12/18/2020","11473857","1608250163","635785968075","1.9.24"
"12/19/2020","11480356","1608336598","637577103565","1.9.24"
"12/20/2020","11486870","1608422998","637791527761","1.9.24"
"12/21/2020","11493407","1608509391","638726949643","1.9.24"
"12/22/2020","11499919","1608595792","639852774596","1.9.24"
"12/23/2020","11506411","1608682191","641324752709","1.9.24"
"12/24/2020","11513000","1608768583","642698067146","1.9.24"
"12/25/2020","11519484","1608854975","644454631351","1.9.24"
"12/26/2020","11525918","1608941398","646086930671","1.9.24"
"12/27/2020","11532507","1609027772","647409596263","1.9.24"
"12/28/2020","11539021","1609114195","648859390374","1.9.24"
"12/29/2020","11545603","1609200573","650631309430","1.9.24"
"12/30/2020","11552022","1609286998","652012212285","1.9.24"
"12/31/2020","11558569","1609373380","653331982917","1.9.24"
"1/1/2021","11565064","1609459767","655045396000","1.9.24"
"1/2/2021","11571612","1609546189","656233309155","1.9.24"
"1/3/2021","11578201","1609632553","657714154514","1.9.24"
"1/4/2021","11584682","1609718985","657055760922","1.9.24"
"1/5/2021","11591204","1609805410","658506535156","1.9.24"
"1/6/2021","11597738","1609891794","659519110232","1.9.24"
"1/7/2021","11604218","1609978188","659514397758","1.9.24"
"1/8/2021","11610656","1610064593","660902796221","1.9.24"
"1/9/2021","11617249","1610150994","662441197309","1.9.24"
"1/10/2021","11623721","1610237380","664008979410","1.9.24"
"1/11/2021","11630273","1610323791","665991248268","1.9.24"
"1/12/2021","11636796","1610410182","666901380526","1.9.24"
"1/13/2021","11643360","1610496563","668737375313","1.9.24"
"1/14/2021","11649927","1610582989","670121352137","1.9.24"
"1/15/2021","11656329","1610669380","671398499844","1.9.24"
"1/16/2021","11662915","1610755806","672907108668","1.9.24"
"1/17/2021","11669409","1610842198","674250723934","1.9.24"
"1/18/2021","11675914","1610928586","676065767806","1.9.24"
"1/19/2021","11682418","1611014988","677484442720","1.9.24"
"1/20/2021","11688937","1611101382","678550000881","1.9.24"
"1/21/2021","11695517","1611187803","680069626121","1.9.24"
"1/22/2021","11702012","1611274196","678884102866","1.9.24"
"1/23/2021","11708474","1611360553","680760508397","1.9.24"
"1/24/2021","11715027","1611446976","681845282154","1.9.24"
"1/25/2021","11721498","1611533370","682259519841","1.9.24"
"1/26/2021","11728021","1611619730","683299448513","1.9.24"
"1/27/2021","11734540","1611706178","684368933304","1.9.24"
"1/28/2021","11741001","1611792540","685705351093","1.9.24"
"1/29/2021","11747492","1611878971","687505350575","1.9.24"
"1/30/2021","11753956","1611965362","688912574239","1.9.24"
"1/31/2021","11760348","1612051784","690725231323","1.9.24"
"2/1/2021","11766985","1612138201","692215609912","1.9.24"
"2/2/2021","11773482","1612224586","693681701093","1.9.24"
"2/3/2021","11779959","1612310991","695496843831","1.9.24"
"2/4/2021","11786461","1612397401","696841973509","1.9.24"
"2/5/2021","11792961","1612483784","697767563655","1.9.24"
"2/6/2021","11799412","1612570167","699092531190","1.9.24"
"2/7/2021","11805937","1612656537","698233538784","1.9.24"
"2/8/2021","11812486","1612742985","699752758683","1.9.24"
"2/9/2021","11818944","1612829381","701599588218","1.9.24"
"2/10/2021","11825436","1612915773","702986837235","1.9.24"
"2/11/2021","11831964","1613002151","704200555502","1.9.24"
"2/12/2021","11838491","1613088593","704030930954","1.9.24"
"2/13/2021","11845001","1613174952","705647548267","1.9.24"
"2/14/2021","11851438","1613261392","707145839817","1.9.24"
"2/15/2021","11857992","1613347771","708537495760","1.9.24"
"2/16/2021","11864478","1613434189","710458188298","1.9.24"
"2/17/2021","11870964","1613520600","711781981691","1.9.24"
"2/18/2021","11877515","1613606943","713214681584","1.9.24"
"2/19/2021","11883971","1613693386","715583775101","1.9.24"
"2/20/2021","11890542","1613779785","717034047512","1.9.24"
"2/21/2021","11897047","1613866173","718809668729","1.9.24"
"2/22/2021","11903524","1613952594","720796442140","1.9.24"
"2/23/2021","11910014","1614038994","722240092304","1.9.24"
"2/24/2021","11916516","1614125376","721904085651","1.9.24"
"2/25/2021","11922988","1614211795","722402896437","1.9.24"
"2/26/2021","11929497","1614298194","723735772422","1.9.24"
"2/27/2021","11936044","1614384585","725550887499","1.9.24"
"2/28/2021","11942550","1614470982","725268331076","1.9.24"
"3/1/2021","11948999","1614557383","726912013924","1.9.24"
"3/2/2021","11955479","1614643785","728386205953","1.9.24"
"3/3/2021","11962018","1614730186","729824071232","1.9.24"
"3/4/2021","11968431","1614816587","732217102583","1.9.24"
"3/5/2021","11974956","1614902993","733384136227","1.9.24"
"3/6/2021","11981476","1614989358","734790948528","1.9.24"
"3/7/2021","11988049","1615075782","736239609281","1.9.24"
"3/8/2021","11994521","1615162172","738115105852","1.9.24"
"3/9/2021","12001011","1615248582","739564144021","1.9.24"
"3/10/2021","12007452","1615334987","741024408893","1.9.24"
"3/11/2021","12013988","1615421393","743375644962","1.9.24"
"3/12/2021","12020402","1615507755","742294034083","1.9.24"
"3/13/2021","12026870","1615594182","743748758789","1.9.24"
"3/14/2021","12033388","1615680579","745995899546","1.9.24"
"3/15/2021","12039900","1615766972","746109561981","1.9.24"
"3/16/2021","12046351","1615853424","747399968815","1.9.24"
"3/17/2021","12052848","1615939783","749123674782","1.9.24"
"3/18/2021","12059342","1616026197","750593489892","1.9.24"
"3/19/2021","12065847","1616112555","752476061877","1.9.24"
"3/20/2021","12072345","1616198957","753920524043","1.9.24"
"3/21/2021","12078870","1616285367","755759963631","1.9.24"
"3/22/2021","12085305","1616371713","757673785413","1.9.24"
"3/23/2021","12091983","1616460581","759092725968","1.9.24"
"3/24/2021","12098285","1616544578","761016173544","1.9.24"
"3/25/2021","12104785","1616630971","762560949641","1.9.24"
"3/26/2021","12111299","1616717380","764621340979","1.9.24"
"3/27/2021","12117825","1616803749","766103721239","1.9.24"
"3/28/2021","12124317","1616890171","765091837846","1.9.24"
"3/29/2021","12130810","1616976594","766629743066","1.9.24"
"3/30/2021","12137320","1617062987","768383904119","1.9.24"
"3/31/2021","12143838","1617149375","769083247195","1.9.24"
"4/1/2021","12150290","1617235786","770096778714","1.9.24"
"4/2/2021","12156795","1617322182","771685306445","1.9.24"
"4/3/2021","12163261","1617408587","773147191391","1.9.24"
"4/4/2021","12169774","1617494952","775024843276","1.9.24"
"4/5/2021","12176332","1617581391","776969362694","1.9.24"
"4/6/2021","12182861","1617667772","778423731247","1.9.24"
"4/7/2021","12189342","1617754192","780298697332","1.9.24"
"4/8/2021","12195882","1617840563","782398157217","1.10.1"
"4/9/2021","12202329","1617926989","781216898211","1.10.1"
"4/10/2021","12208806","1618013390","782743410316","1.10.1"
"4/11/2021","12215365","1618099794","784318125991","1.10.1"
"4/12/2021","12221912","1618186200","786351390991","1.10.1"
"4/13/2021","12228436","1618272594","788224973322","1.10.2"
"4/14/2021","12234897","1618358971","790235797889","1.10.2"
"4/15/2021","12241349","1618445363","792197114774","1.10.2"
"4/16/2021","12247850","1618531803","791647365089","1.10.2"
"4/17/2021","12254293","1618618227","793525812552","1.10.2"
"4/18/2021","12260761","1618704569","795045759647","1.10.2"
"4/19/2021","12267261","1618790996","796980639743","1.10.2"
"4/20/2021","12273659","1618877384","798548796058","1.10.2"
"4/21/2021","12280232","1618963792","800074157954","1.10.2"
"4/22/2021","12286762","1619050174","802087618657","1.10.2"
"4/23/2021","12293176","1619136591","804567977693","1.10.2"
"4/24/2021","12299625","1619222981","806503154075","1.10.2"
"4/25/2021","12306123","1619309396","808960098060","1.10.2"
"4/26/2021","12312631","1619395789","810941521211","1.10.2"
"4/27/2021","12319086","1619482167","810158450225","1.10.2"
"4/28/2021","12325599","1619568594","810664168935","1.10.2"
"4/29/2021","12332070","1619655000","811616561184","1.10.2"
"4/30/2021","12338548","1619741387","813593870217","1.10.2"
"5/1/2021","12344991","1619827780","815330448523","1.10.2"
"5/2/2021","12351483","1619914185","817581425402","1.10.2"
"5/3/2021","12357890","1620000564","818826453022","1.10.2"
"5/4/2021","12364401","1620086974","820610593547","1.10.2"
"5/5/2021","12370900","1620173342","823066023373","1.10.2"
"5/6/2021","12377424","1620259755","824991421744","1.10.2"
"5/7/2021","12383886","1620346179","826532122738","1.10.2"
"5/8/2021","12390330","1620432619","828528459648","1.10.2"
"5/9/2021","12396817","1620518983","828073054242","1.10.2"
"5/10/2021","12403308","1620605394","830026108531","1.10.2"
"5/11/2021","12409819","1620691738","831955968865","1.10.2"
"5/12/2021","12416268","1620778188","832933330170","1.10.2"
"5/13/2021","12422710","1620864588","834927334161","1.10.2"
"5/14/2021","12429240","1620950971","837596516757","1.10.2"
"5/15/2021","12435722","1621037385","839171786107","1.10.2"
"5/16/2021","12442202","1621123798","841656350007","1.10.2"
"5/17/2021","12448647","1621210198","843546759055","1.10.2"
"5/18/2021","12455065","1621296588","845077269761","1.10.2"
"5/19/2021","12461543","1621382975","847170718661","1.10.2"
"5/20/2021","12467955","1621469393","848982619525","1.10.2"
"5/21/2021","12474425","1621555803","850981147165","1.10.2"
"5/22/2021","12480826","1621642137","852927794525","1.10.2"
"5/23/2021","12487280","1621728574","852181986910","1.10.2"
"5/24/2021","12493746","1621814976","853640468148","1.10.2"
"5/25/2021","12500237","1621901382","855533824874","1.10.2"
"5/26/2021","12506630","1621987757","855342890509","1.10.2"
"5/27/2021","12513069","1622074100","857300860654","1.10.2"
"5/28/2021","12519494","1622160517","859423809546","1.10.2"
"5/29/2021","12525962","1622246975","861282241524","1.10.2"
"5/30/2021","12532417","1622333376","863789266747","1.10.2"
"5/31/2021","12538832","1622419755","865199044161","1.10.2"
"6/1/2021","12545269","1622506198","867163005197","1.10.2"
"6/2/2021","12551740","1622592567","869212122212","1.10.2"
"6/3/2021","12558251","1622678995","870709062867","1.10.2"
"6/4/2021","12564647","1622765391","873038560261","1.10.2"
"6/5/2021","12571172","1622851787","874993880312","1.10.2"
"6/6/2021","12577602","1622938191","874101222822","1.10.2"
"6/7/2021","12584139","1623024578","876047286522","1.10.2"
"6/8/2021","12590575","1623110993","875888632783","1.10.2"
"6/9/2021","12597041","1623197372","877924726578","1.10.2"
"6/10/2021","12603470","1623283760","879749009885","1.10.2"
"6/11/2021","12609942","1623370169","881567032294","1.10.2"
"6/12/2021","12616398","1623456586","883500645612","1.10.2"
"6/13/2021","12622824","1623542988","884984770572","1.10.2"
"6/14/2021","12629303","1623629383","886945517706","1.10.2"
"6/15/2021","12635728","1623715785","888850667375","1.10.2"
"6/16/2021","12642238","1623802194","890835939760","1.10.2"
"6/17/2021","12648636","1623888520","892277046266","1.10.2"
"6/18/2021","12655116","1623974957","894814736983","1.10.2"
"6/19/2021","12661519","1624061400","893377931801","1.10.2"
"6/20/2021","12667941","1624147740","895786718795","1.10.2"
"6/21/2021","12674403","1624234197","897113331516","1.10.2"
"6/22/2021","12680725","1624320576","898640035897","1.10.2"
"6/23/2021","12687175","1624406995","898940960442","1.10.2"
"6/24/2021","12693590","1624493368","900868301195","1.10.2"
"6/25/2021","12700009","1624579786","902644730071","1.10.2"
"6/26/2021","12706352","1624666198","904442041705","1.10.2"
"6/27/2021","12712772","1624752587","906335352431","1.10.2"
"6/28/2021","12719239","1624838998","908299403549","1.10.2"
"6/29/2021","12725683","1624925363","910247843193","1.10.2"
"6/30/2021","12732087","1625011727","912221026203","1.10.2"
"7/1/2021","12738554","1625098163","914161168070","1.10.2"
"7/2/2021","12744897","1625184592","916019255637","1.10.2"
"7/3/2021","12751341","1625270999","917934178820","1.10.2"
"7/4/2021","12757758","1625357372","917356153097","1.10.2"
"7/5/2021","12764217","1625443787","918816778325","1.10.2"
"7/6/2021","12770628","1625530183","920689039151","1.10.2"
"7/7/2021","12777059","1625616565","921280713101","1.10.2"
"7/8/2021","12783461","1625702989","923106769658","1.10.2"
"7/9/2021","12789891","1625789347","925278260443","1.10.2"
"7/10/2021","12796311","1625875788","926786776446","1.10.2"
"7/11/2021","12802750","1625962184","929122794375","1.10.2"
"7/12/2021","12809177","1626048579","930611676186","1.10.2"
"7/13/2021","12815560","1626134966","932535322759","1.10.2"
"7/14/2021","12821852","1626221392","934555557246","1.10.2"
"7/15/2021","12828238","1626307782","936014502835","1.10.2"
"7/16/2021","12834679","1626394160","937784342363","1.10.2"
"7/17/2021","12841014","1626480569","939656907765","1.10.2"
"7/18/2021","12847360","1626566962","938766370722","1.10.2"
"7/19/2021","12853730","1626653380","940193545637","1.10.2"
"7/20/2021","12860172","1626739780","942090327164","1.10.2"
"7/21/2021","12866502","1626826180","943985191359","1.10.2"
"7/22/2021","12872928","1626912589","944007059027","1.10.2"
"7/23/2021","12879358","1626998986","946071914552","1.10.2"
"7/24/2021","12885695","1627085390","947981472948","1.10.2"
"7/25/2021","12892153","1627171772","950009899608","1.10.2"
"7/26/2021","12898555","1627258164","951811786460","1.10.2"
"7/27/2021","12904903","1627344587","953734438422","1.10.6"
"7/28/2021","12911166","1627430986","955713946162","1.10.6"
"7/29/2021","12917462","1627517380","958226945212","1.10.6"
"7/30/2021","12923802","1627603774","960468553945","1.10.6"
"7/31/2021","12930075","1627690170","962406903195","1.10.6"
"8/1/2021","12936385","1627776582","961959418439","1.10.6"
"8/2/2021","12942699","1627862972","963910742551","1.10.6"
"8/3/2021","12949102","1627949367","966266995926","1.10.6"
"8/4/2021","12955440","1628035776","966415734589","1.10.6"
"8/5/2021","12961761","1628122195","968848497523","1.10.6"
"8/6/2021","12968120","1628208594","970103940748","1.10.6"
"8/7/2021","12974567","1628295004","972713055692","1.10.6"
"8/8/2021","12981108","1628381366","974274563799","1.10.6"
"8/9/2021","12987611","1628467771","976627842099","1.10.6"
"8/10/2021","12994108","1628554176","978470802188","1.10.6"
"8/11/2021","13000611","1628640576","980392732904","1.10.6"
"8/12/2021","13007028","1628726984","982779602215","1.10.6"
"8/13/2021","13013529","1628813369","984350575341","1.10.6"
"8/14/2021","13019998","1628899782","986228942620","1.10.6"
"8/15/2021","13026504","1628986156","985014489849","1.10.6"
"8/16/2021","13032923","1629072601","987429593661","1.10.6"
"8/17/2021","13039434","1629158992","987766043444","1.10.6"
"8/18/2021","13045932","1629245397","989687760008","1.10.6"
"8/19/2021","13052333","1629331773","991593993331","1.10.6"
"8/20/2021","13059382","1629425373","995256640540","1.10.6"
"8/21/2021","13065365","1629504588","996706435483","1.10.6"
"8/22/2021","13071790","1629590985","998637380557","1.10.6"
"8/23/2021","13078315","1629677385","1000528902860","1.10.6"
"8/24/2021","13084725","1629763764","1002562760018","1.10.6"
"8/25/2021","13091224","1629850135","1004399622976","1.10.8"
"8/26/2021","13097680","1629936567","1006276932258","1.10.8"
"8/27/2021","13104158","1630022964","1006198295341","1.10.8"
"8/28/2021","13110598","1630109389","1008095062583","1.10.8"
"8/29/2021","13117053","1630195778","1010414637348","1.10.8"
"8/30/2021","13123549","1630282185","1010811751078","1.10.8"
"8/31/2021","13130020","1630368590","1013011994990","1.10.8"
"9/1/2021","13136464","1630454978","1014907123572","1.10.8"
"9/2/2021","13142929","1630541349","1016844848738","1.10.8"
"9/3/2021","13149464","1630627795","1018869426086","1.10.8"
"9/4/2021","13155936","1630714177","1020790617695","1.10.8"
"9/5/2021","13162373","1630800610","1022731738374","1.10.8"
"9/6/2021","13168893","1630886985","1024646163574","1.10.8"
"9/7/2021","13175354","1630973386","1027129976697","1.10.8"
"9/8/2021","13181765","1631059780","1028595265699","1.10.8"
"9/9/2021","13188255","1631146192","1027510681240","1.10.8"
"9/10/2021","13194725","1631232590","1029460381572","1.10.8"
"9/11/2021","13201192","1631318984","1031846024226","1.10.8"
"9/12/2021","13207578","1631405374","1032298908584","1.10.8"
"9/13/2021","13214122","1631491776","1031570854573","1.10.8"
"9/14/2021","13220531","1631578166","1033531420486","1.10.8"
"9/15/2021","13226996","1631664587","1035851053768","1.10.8"
"9/16/2021","13233456","1631750993","1037770477797","1.10.8"
"9/17/2021","13239939","1631837387","1040470083627","1.10.8"
"9/18/2021","13246398","1631923790","1042271698671","1.10.8"
"9/19/2021","13252861","1632010180","1044157329040","1.10.8"
"9/20/2021","13259373","1632096589","1046041224274","1.10.8"
"9/21/2021","13265801","1632182965","1047881300817","1.10.8"
"9/22/2021","13272290","1632269398","1050171135667","1.10.8"
"9/23/2021","13278730","1632355772","1052225747805","1.10.8"
"9/24/2021","13285142","1632442189","1053953305102","1.10.8"
"9/25/2021","13291603","1632528571","1054852784373","1.10.8"
"9/26/2021","13298164","1632614985","1056767722660","1.10.8"
"9/27/2021","13304578","1632701382","1059111070461","1.10.8"
"9/28/2021","13311039","1632787795","1060361284575","1.10.8"
"9/29/2021","13317388","1632874184","1062251199498","1.10.8"
"9/30/2021","13323793","1632960574","1064674423246","1.10.8"
"10/1/2021","13330131","1633047001","1066760717751","1.10.8"
"10/2/2021","13336615","1633133379","1068682537420","1.10.8"
"10/3/2021","13343009","1633219789","1070978865878","1.10.8"
"10/4/2021","13349378","1633306148","1072852822535","1.10.8"
"10/5/2021","13355750","1633392575","1072281226367","1.10.8"
"10/6/2021","13362139","1633478983","1074575987164","1.10.8"
"10/7/2021","13368576","1633565361","1076486147346","1.10.8"
"10/8/2021","13374899","1633651771","1078916193329","1.10.8"
"10/9/2021","13381314","1633738201","1080886899340","1.10.8"
"10/10/2021","13387675","1633824558","1083159737251","1.10.8"
"10/11/2021","13394033","1633910960","1085125331322","1.10.8"
"10/12/2021","13400416","1633997368","1087017870101","1.10.8"
"10/13/2021","13406769","1634083801","1089325018608","1.10.8"
"10/14/2021","13413103","1634170186","1091252774170","1.10.8"
"10/15/2021","13419410","1634256591","1093112079223","1.10.8"
"10/16/2021","13425739","1634342993","1095018091637","1.10.8"
"10/17/2021","13432186","1634429344","1096971060854","1.10.8"
"10/18/2021","13438567","1634515765","1097034123556","1.10.8"
"10/19/2021","13444885","1634602162","1098524595472","1.10.8"
"10/20/2021","13451320","1634688580","1100460352543","1.10.8"
"10/21/2021","13457682","1634774982","1101377898934","1.10.8"
"10/22/2021","13464169","1634861381","1104089646613","1.10.8"
"10/23/2021","13470586","1634947804","1106057457479","1.10.8"
"10/24/2021","13476922","1635034202","1108455061001","1.10.8"
"10/25/2021","13483290","1635120568","1110359210161","1.10.8"
"10/26/2021","13489714","1635206959","1112276903614","1.10.8"
"10/27/2021","13496131","1635293384","1114654766231","1.10.8"
"10/28/2021","13502465","1635379754","1116588011350","1.10.8"
"10/29/2021","13508872","1635466185","1118305251186","1.10.8"
"10/30/2021","13515242","1635552598","1117086238770","1.10.8"
"10/31/2021","13521570","1635638942","1119506327481","1.10.8"
"11/1/2021","13527904","1635725381","1121440530939","1.10.8"
"11/2/2021","13534333","1635811780","1121963939304","1.10.8"
"11/3/2021","13540626","1635898183","1123966109588","1.10.8"
"11/4/2021","13547006","1635984597","1126383056060","1.10.8"
"11/5/2021","13553289","1636070994","1128422768608","1.10.8"
"11/6/2021","13559742","1636157377","1130409844655","1.10.8"
"11/7/2021","13566096","1636243791","1132930863226","1.10.8"
"11/8/2021","13572528","1636330154","1134797356271","1.10.8"
"11/9/2021","13578888","1636416587","1137205261701","1.10.8"
"11/10/2021","13585255","1636503001","1139593214303","1.10.8"
"11/11/2021","13591634","1636589369","1138287080480","1.10.8"
"11/12/2021","13598019","1636675786","1140172506241","1.10.8"
"11/13/2021","13604420","1636762183","1142151851011","1.10.8"
"11/14/2021","13610760","1636848566","1144214352967","1.10.8"
"11/15/2021","13617098","1636934996","1145197945838","1.10.8"
"11/16/2021","13623419","1637021350","1147154363484","1.10.8"
"11/17/2021","13629675","1637107794","1149101335934","1.10.8"
"11/18/2021","13636067","1637194152","1151629454345","1.10.8"
"11/19/2021","13642441","1637280564","1153848373197","1.10.8"
"11/20/2021","13648664","1637366964","1155810255734","1.10.8"
"11/21/2021","13654965","1637453326","1158186878919","1.10.8"
"11/22/2021","13661255","1637539770","1160126143662","1.10.8"
"11/23/2021","13667612","1637626191","1162039598733","1.10.12"
"11/24/2021","13673956","1637712593","1161546692977","1.10.12"
"11/25/2021","13680268","1637798993","1163534961039","1.10.12"
"11/26/2021","13686563","1637885374","1165467470786","1.10.12"
"11/27/2021","13692783","1637971788","1165890500433","1.10.12"
"11/28/2021","13699166","1638058176","1167828425568","1.10.12"
"11/29/2021","13705423","1638144563","1170199295600","1.10.12"
"11/30/2021","13711627","1638230988","1172134023323","1.10.12"
"12/1/2021","13717878","1638317389","1174116456497","1.10.12"
"12/2/2021","13724121","1638403784","1176081509097","1.10.12"
"12/3/2021","13730365","1638490184","1178138574811","1.10.12"
"12/4/2021","13736667","1638576587","1180099308158","1.10.12"
"12/5/2021","13742831","1638663002","1182008747584","1.10.12"
"12/6/2021","13749072","1638749397","1184452934062","1.10.12"
"12/7/2021","13755346","1638835795","1183631309044","1.10.12"
"12/8/2021","13761613","1638922181","1185643339472","1.10.12"
"12/9/2021","13767828","1639008584","1188042164208","1.10.12"
"12/10/2021","13774109","1639094896","1189080932325","1.10.12"
"12/11/2021","13780541","1639181397","1191505889612","1.10.12"
"12/12/2021","13787038","1639267786","1193467161593","1.10.12"
"12/13/2021","13793566","1639354179","1195473141200","1.10.12"
"12/14/2021","13800041","1639440595","1197856719631","1.10.12"
"12/15/2021","13806429","1639526907","1199834125245","1.10.12"
"12/16/2021","13812914","1639613385","1202233566382","1.10.12"
"12/17/2021","13819312","1639699781","1204119648359","1.10.12"
"12/18/2021","13825771","1639786194","1206111299915","1.10.12"
"12/19/2021","13832277","1639872559","1205697951446","1.10.12"
"12/20/2021","13838728","1639958974","1207706487371","1.10.12"
"12/21/2021","13845275","1640045385","1208778632961","1.10.12"
"12/22/2021","13851724","1640131797","1210748463256","1.10.12"
"12/23/2021","13858158","1640218194","1212706453614","1.10.12"
"12/24/2021","13864566","1640304586","1215045096998","1.10.12"
"12/25/2021","13871025","1640390937","1217412761634","1.10.12"
"12/26/2021","13877509","1640477379","1219326698682","1.10.12"
"12/27/2021","13883959","1640563754","1221276971623","1.10.12"
"12/28/2021","13890424","1640650086","1223694846190","1.10.12"
"12/29/2021","13896874","1640736527","1225990403230","1.10.12"
"12/30/2021","13903389","1640822989","1227893222298","1.10.12"
"12/31/2021","13909824","1640909380","1226686424872","1.10.12"
"1/1/2022","13916222","1640995793","1229126536670","1.10.12"
"1/2/2022","13922714","1641082184","1231426133309","1.10.12"
"1/3/2022","13929210","1641168576","1231753321106","1.10.12"
"1/4/2022","13935682","1641255004","1234047990014","1.10.12"
"1/5/2022","13942153","1641341399","1236350731745","1.10.12"
"1/6/2022","13948629","1641427766","1238705833396","1.10.12"
"1/7/2022","13955017","1641514187","1241226137465","1.10.12"
"1/8/2022","13961450","1641600588","1243169337441","1.10.12"
"1/9/2022","13967969","1641686985","1245502537810","1.10.12"
"1/10/2022","13974474","1641773385","1247720901056","1.10.12"
"1/11/2022","13980903","1641859798","1249587416141","1.10.12"
"1/12/2022","13987430","1641946205","1248907852052","1.10.12"
"1/13/2022","13993867","1642032586","1251313242897","1.10.12"
"1/14/2022","14000313","1642119001","1253662397497","1.10.12"
"1/15/2022","14006748","1642205353","1254442459529","1.10.12"
"1/16/2022","14013237","1642291760","1256696619152","1.10.12"
"1/17/2022","14019751","1642378151","1259014172932","1.10.12"
"1/18/2022","14026213","1642464602","1261364943942","1.10.12"
"1/19/2022","14032671","1642550985","1263260148673","1.10.12"
"1/20/2022","14039148","1642637379","1265595196428","1.10.12"
"1/21/2022","14045638","1642723777","1267755756552","1.10.12"
"1/22/2022","14052033","1642810189","1270047791524","1.10.12"
"1/23/2022","14058587","1642896579","1271955719969","1.10.12"
"1/24/2022","14065037","1642982983","1271507847995","1.10.12"
"1/25/2022","14071484","1643069333","1273383886964","1.10.12"
"1/26/2022","14077940","1643155760","563176119162","1.10.15"
"1/27/2022","14084370","1643242157","565285937921","1.10.15"
"1/28/2022","14090868","1643328596","567997405453","1.10.15"
"1/29/2022","14097346","1643415001","569289488030","1.10.15"
"1/30/2022","14103794","1643501384","571100058904","1.10.15"
"1/31/2022","14110341","1643587773","573796837505","1.10.15"
"2/1/2022","14116811","1643674193","561483773324","1.10.15"
"2/2/2022","14123300","1643760575","563717481041","1.10.15"
"2/3/2022","14129767","1643846985","565755467883","1.10.15"
"2/4/2022","14136177","1643933394","568066780063","1.10.15"
"2/5/2022","14142739","1644019783","565103333268","1.10.15"
"2/6/2022","14149117","1644106203","567353655055","1.10.15"
"2/7/2022","14155664","1644192590","569682788308","1.10.15"
"2/8/2022","14162130","1644278942","572343740315","1.10.15"
"2/9/2022","14168561","1644365369","574573424328","1.10.15"
"2/10/2022","14175024","1644451794","576866893822","1.10.15"
"2/11/2022","14181461","1644538169","579716195447","1.10.15"
"2/12/2022","14187987","1644624583","579211804822","1.10.15"
"2/13/2022","14194460","1644710986","581499237568","1.10.15"
"2/14/2022","14200929","1644797380","583686584393","1.10.15"
"2/15/2022","14207387","1644883795","585899325581","1.10.15"
"2/16/2022","14213895","1644970127","587389718579","1.10.15"
"2/17/2022","14220312","1645056574","589617330869","1.10.15"
"2/18/2022","14226802","1645142968","591913696931","1.10.15"
"2/19/2022","14233210","1645229391","594025235942","1.10.15"
"2/20/2022","14239607","1645315791","596197661976","1.10.15"
"2/21/2022","14246130","1645402190","598786381276","1.10.15"
"2/22/2022","14252568","1645488601","600917106609","1.10.15"
"2/23/2022","14259033","1645574989","603022718492","1.10.15"
"2/24/2022","14265511","1645661348","602074873329","1.10.15"
"2/25/2022","14272001","1645747787","604960864182","1.10.15"
"2/26/2022","14278434","1645834183","605764187243","1.10.15"
"2/27/2022","14284899","1645920593","607983609016","1.10.15"
"2/28/2022","14291372","1646006966","610623969494","1.10.15"
"3/1/2022","14297798","1646093359","612435340802","1.10.15"
"3/2/2022","14304303","1646179774","614628481533","1.10.15"
"3/3/2022","14310705","1646266183","617250513423","1.10.15"
"3/4/2022","14317150","1646352592","619459920123","1.10.15"
"3/5/2022","14323642","1646438988","621592131192","1.10.15"
"3/6/2022","14330019","1646525399","623868837855","1.10.15"
"3/7/2022","14336435","1646611787","623617158590","1.10.15"
"3/8/2022","14342889","1646698138","625805081937","1.10.15"
"3/9/2022","14349286","1646784579","627941012589","1.10.15"
"3/10/2022","14355786","1646870942","629990725389","1.10.15"
"3/11/2022","14362283","1646957388","631832083998","1.10.15"
"3/12/2022","14368605","1647043756","633961892158","1.10.15"
"3/13/2022","14375118","1647130192","636240498882","1.10.15"
"3/14/2022","14381440","1647216589","638510812852","1.10.15"
"3/15/2022","14387911","1647302967","640764610811","1.10.15"
"3/16/2022","14394297","1647389392","643339801040","1.10.15"
"3/17/2022","14400706","1647475802","645649445144","1.10.15"
"3/18/2022","14407123","1647562193","647865616678","1.10.15"
"3/19/2022","14413529","1647648547","647413004549","1.10.15"
"3/20/2022","14419986","1647734966","649941415224","1.10.16"
"3/21/2022","14426416","1647821380","652026957507","1.10.16"
"3/22/2022","14432820","1647907798","652833707762","1.10.16"
"3/23/2022","14439259","1647994176","655184590231","1.10.16"
"3/24/2022","14445697","1648080585","657414096622","1.10.16"
"3/25/2022","14452125","1648166960","660233633384","1.10.16"
"3/26/2022","14458546","1648253398","662390767127","1.10.16"
"3/27/2022","14464957","1648339789","664640377345","1.10.16"
"3/28/2022","14471355","1648426193","666889742533","1.10.16"
"3/29/2022","14477824","1648512597","669159240806","1.10.16"
"3/30/2022","14484273","1648598987","667868420009","1.10.16"
"3/31/2022","14490662","1648685382","670198696308","1.10.16"
"4/1/2022","14497082","1648771768","672352168526","1.10.16"
"4/2/2022","14503507","1648858174","673187544905","1.10.16"
"4/3/2022","14509862","1648944504","675349560632","1.10.16"
"4/4/2022","14516288","1649030995","677141389133","1.10.16"
"4/5/2022","14522617","1649117376","679354906711","1.10.16"
"4/6/2022","14529043","1649203777","681492054820","1.10.16"
"4/7/2022","14535468","1649290194","683597309176","1.10.16"
"4/8/2022","14541892","1649376589","686346680717","1.10.16"
"4/9/2022","14548222","1649462957","688137722543","1.10.16"
"4/10/2022","14554656","1649549391","690667139972","1.10.16"
"4/11/2022","14561061","1649635729","689501495129","1.10.16"
"4/12/2022","14567500","1649722187","691791672909","1.10.16"
"4/13/2022","14573947","1649808555","693934989700","1.10.16"
"4/14/2022","14580275","1649895004","695648643923","1.10.16"
"4/15/2022","14586672","1649981382","696541836242","1.10.16"
"4/16/2022","14593086","1650067789","698759937080","1.10.16"
"4/17/2022","14599514","1650154188","700965633149","1.10.16"
"4/18/2022","14605929","1650240575","703005000428","1.10.16"
"4/19/2022","14612287","1650326989","705200797161","1.10.16"
"4/20/2022","14618686","1650413381","707494127735","1.10.16"
"4/21/2022","14625110","1650499777","709455360533","1.10.16"
"4/22/2022","14631402","1650586177","711257488018","1.10.16"
"4/23/2022","14637810","1650672530","713485236084","1.10.16"
"4/24/2022","14644186","1650758972","715710125045","1.10.16"
"4/25/2022","14650560","1650845351","717760277920","1.10.16"
"4/26/2022","14656885","1650931779","718384426249","1.10.16"
"4/27/2022","14663218","1651018184","720630233127","1.10.16"
"4/28/2022","14669601","1651104601","722817914282","1.10.16"
"4/29/2022","14675950","1651190990","724924240956","1.10.16"
"4/30/2022","14682317","1651277328","727116305692","1.10.16"
"5/1/2022","14688675","1651363783","729335273290","1.10.16"
"5/2/2022","14695055","1651450175","731134601759","1.10.16"
"5/3/2022","14701407","1651536579","733313938594","1.10.16"
"5/4/2022","14707750","1651622987","735447237966","1.10.16"
"5/5/2022","14713992","1651709381","738189392964","1.10.16"
"5/6/2022","14720296","1651795798","740388209096","1.10.16"
"5/7/2022","14726603","1651882192","742484203436","1.10.16"
"5/8/2022","14732865","1651968581","743284530552","1.10.16"
"5/9/2022","14739197","1652054978","745572074399","1.10.16"
"5/10/2022","14745388","1652141345","747871889832","1.10.16"
"5/11/2022","14751602","1652227763","750007800928","1.10.16"
"5/12/2022","14757938","1652314194","752134653183","1.10.16"
"5/13/2022","14764136","1652400599","754741594668","1.10.16"
"5/14/2022","14770489","1652486953","757022517504","1.10.16"
"5/15/2022","14776738","1652573376","759184370724","1.10.16"
"5/16/2022","14783027","1652659785","761432987066","1.10.16"
"5/17/2022","14789310","1652746177","761517917632","1.10.16"
"5/18/2022","14795598","1652832578","763683738675","1.10.16"
"5/19/2022","14801835","1652918994","765796615094","1.10.16"
"5/20/2022","14807952","1653005371","766706261256","1.10.16"
"5/21/2022","14814101","1653091772","768165092512","1.10.16"
"5/22/2022","14820261","1653178188","770083886586","1.10.16"
"5/23/2022","14826392","1653264589","771552038099","1.10.16"
"5/24/2022","14832596","1653350980","773359651107","1.10.16"
"5/25/2022","14838692","1653437380","775614733157","1.10.16"
"5/26/2022","14844843","1653523784","776936884396","1.10.16"
"5/27/2022","14850941","1653610170","778582697700","1.10.16"
"5/28/2022","14857145","1653696591","780785886207","1.10.16"
"5/29/2022","14863317","1653782987","779395033766","1.10.16"
"5/30/2022","14869476","1653869374","781544930054","1.10.16"
"5/31/2022","14875566","1653955783","783283340105","1.10.16"
"6/1/2022","14881715","1654042195","785433096015","1.10.16"
"6/2/2022","14887828","1654128549","788159271858","1.10.16"
"6/3/2022","14893990","1654214911","790213761643","1.10.16"
"6/4/2022","14900130","1654301398","791950995074","1.10.16"
"6/5/2022","14906032","1654387794","793997046063","1.10.16"
"6/6/2022","14911966","1654474195","795701509723","1.10.16"
"6/7/2022","14917763","1654560587","797448671882","1.10.16"
"6/8/2022","14923725","1654646996","799536021622","1.10.16"
"6/9/2022","14929605","1654733382","801216962549","1.10.16"
"6/10/2022","14935419","1654819785","803038889037","1.10.16"
"6/11/2022","14941301","1654906162","802110526349","1.10.16"
"6/12/2022","14947179","1654992586","803942296780","1.10.16"
"6/13/2022","14953016","1655078937","806155424196","1.10.16"
"6/14/2022","14958849","1655165394","807912316313","1.10.16"
"6/15/2022","14964588","1655251786","809692645909","1.10.16"
"6/16/2022","14970339","1655338180","810931272806","1.10.16"
"6/17/2022","14976159","1655424583","813154162394","1.10.16"
"6/18/2022","14982038","1655510974","815003385456","1.10.16"
"6/19/2022","14987845","1655597415","817451998984","1.10.16"
"6/20/2022","14993562","1655683775","819262110904","1.10.19"
"6/21/2022","14999440","1655770195","821677757955","1.10.19"
"6/22/2022","15004884","1655856567","823484754965","1.10.19"
"6/23/2022","15010247","1655942967","825233065185","1.10.19"
"6/24/2022","15015559","1656029390","827178941051","1.10.19"
"6/25/2022","15020912","1656115741","824977685485","1.10.19"
"6/26/2022","15026266","1656202174","827131026967","1.10.19"
"6/27/2022","15031582","1656288556","828825382082","1.10.19"
"6/28/2022","15036981","1656374964","830543584230","1.10.19"
"6/29/2022","15042300","1656461352","830830627701","1.10.19"
"6/30/2022","15047627","1656547774","832650027228","1.10.19"
"7/1/2022","15053270","1656634192","834863779775","1.10.19"
"7/2/2022","15059718","1656720574","837201709029","1.10.19"
"7/3/2022","15066212","1656807001","839828332290","1.10.19"
"7/4/2022","15072743","1656893357","842059183565","1.10.19"
"7/5/2022","15079172","1656979785","844298604357","1.10.19"
"7/6/2022","15085664","1657066163","846430007961","1.10.19"
"7/7/2022","15092137","1657152570","848673770143","1.10.19"
"7/8/2022","15098575","1657238971","847719461666","1.10.19"
"7/9/2022","15105118","1657325393","849939668086","1.10.19"
"7/10/2022","15111525","1657411732","852203380884","1.10.19"
"7/11/2022","15118030","1657498187","853076934606","1.10.19"
"7/12/2022","15124521","1657584590","855383019430","1.10.19"
"7/13/2022","15131022","1657670984","857527013426","1.10.19"
"7/14/2022","15137435","1657757389","859841992661","1.10.19"
"7/15/2022","15143967","1657843787","861877722878","1.10.19"
"7/16/2022","15150413","1657930196","864035792026","1.10.19"
"7/17/2022","15156849","1658016566","866291357803","1.10.19"
"7/18/2022","15163295","1658102990","868942011710","1.10.19"
"7/19/2022","15169747","1658189396","871030311314","1.10.19"
"7/20/2022","15176202","1658275724","869381037029","1.10.19"
"7/21/2022","15182667","1658362195","871639136487","1.10.19"
"7/22/2022","15189124","1658448573","874369802788","1.10.19"
"7/23/2022","15195602","1658534960","874964201724","1.10.19"
"7/24/2022","15202059","1658621398","877223648005","1.10.19"
"7/25/2022","15208452","1658707792","879850928107","1.10.19"
"7/26/2022","15214859","1658794172","882020693419","1.10.19"
"7/27/2022","15221229","1658880556","884909679460","1.10.19"
"7/28/2022","15227665","1658966986","887258623646","1.10.19"
"7/29/2022","15234107","1659053393","889343112894","1.10.19"
"7/30/2022","15240531","1659139791","891656762086","1.10.19"
"7/31/2022","15246938","1659226190","891083215389","1.10.19"
"8/1/2022","15253345","1659312576","893341222460","1.10.19"
"8/2/2022","15259782","1659398987","895646530435","1.10.19"
"8/3/2022","15266235","1659485397","896589395473","1.10.19"
"8/4/2022","15272601","1659571784","899292803419","1.10.19"
"8/5/2022","15278983","1659658169","902033865543","1.10.19"
"8/6/2022","15285492","1659744575","904600652307","1.10.19"
"8/7/2022","15291883","1659831000","906910988001","1.10.19"
"8/8/2022","15298326","1659917369","909190660159","1.10.19"
"8/9/2022","15304742","1660003779","911440346352","1.10.19"
"8/10/2022","15311099","1660090196","913572766755","1.10.19"
"8/11/2022","15317467","1660176592","913032733305","1.10.19"
"8/12/2022","15323782","1660262986","915454202014","1.10.19"
"8/13/2022","15330127","1660349379","917561273627","1.10.19"
"8/14/2022","15336493","1660435782","918275964290","1.10.19"
"8/15/2022","15342821","1660522175","920118727667","1.10.19"
"8/16/2022","15349102","1660608589","922357786062","1.10.19"
"8/17/2022","15355479","1660694993","924593573334","1.10.19"
"8/18/2022","15361773","1660781396","926749072215","1.10.19"
"8/19/2022","15368106","1660867770","929236342151","1.10.19"
"8/20/2022","15374362","1660954175","931482637706","1.10.19"
"8/21/2022","15380715","1661040573","933601486000","1.10.19"
"8/22/2022","15387073","1661126960","935806323323","1.10.19"
"8/23/2022","15393347","1661213381","934320907358","1.10.19"
"8/24/2022","15399699","1661299758","936166982092","1.10.19"
"8/25/2022","15405942","1661386140","938466957664","1.10.19"
"8/26/2022","15412161","1661472591","939994288963","1.10.19"
"8/27/2022","15418400","1661558995","941843117864","1.10.19"
"8/28/2022","15424635","1661645396","944023874841","1.10.19"
"8/29/2022","15430870","1661731793","946095396959","1.10.19"
"8/30/2022","15437200","1661818189","948225297304","1.10.19"
"8/31/2022","15443403","1661904576","950405696186","1.10.19"
"9/1/2022","15449660","1661990996","952628628614","1.10.19"
"9/2/2022","15455936","1662077390","955049063153","1.10.23"
"9/3/2022","15462201","1662163767","957344478256","1.10.23"
"9/4/2022","15468420","1662250164","956560872340","1.10.23"
"9/5/2022","15474688","1662336580","958511353323","1.10.23"
"9/6/2022","15480845","1662422969","960772851268","1.10.23"
"9/7/2022","15487111","1662509372","961156414758","1.10.23"
"9/8/2022","15493334","1662595767","963449718458","1.10.23"
"9/9/2022","15499624","1662682192","965668908224","1.10.23"
"9/10/2022","15505698","1662768599","967920981283","1.10.23"
"9/11/2022","15511725","1662854995","969785737928","1.10.23"
"9/12/2022","15517800","1662941375","971931686235","1.10.23"
"9/13/2022","15523841","1663027786","974195049182","1.10.23"
"9/14/2022","15529905","1663114163","976482738304","1.10.23"
"9/15/2022","15535818","1663200593","978391609734","1.10.23"
"9/16/2022","15542553","1663286999","977957748697","1.10.23"
"9/17/2022","15549645","1663373399","980278943591","1.10.23"
"9/18/2022","15556773","1663459799","982818621085","1.10.23"
"9/19/2022","15563904","1663546199","983706093159","1.10.23"
"9/20/2022","15571030","1663632599","978928664276","1.10.23"
"9/21/2022","15578168","1663718999","981214097024","1.10.23"
"9/22/2022","15585220","1663805399","983538497264","1.10.23"
"9/23/2022","15592374","1663891799","986037772447","1.10.23"
"9/24/2022","15599541","1663978199","988360627877","1.10.23"
"9/25/2022","15606709","1664064599","990557159880","1.10.23"
"9/26/2022","15613877","1664150999","992811262211","1.10.23"
"9/27/2022","15621025","1664237399","995120855144","1.10.23"
"9/28/2022","15628165","1664323799","997450645650","1.10.23"
"9/29/2022","15635328","1664410199","999770150691","1.10.23"
"9/30/2022","15642482","1664496599","1000698456453","1.10.23"
"10/1/2022","15649644","1664582999","1002994035241","1.10.23"
"10/2/2022","15656780","1664669399","1005282566544","1.10.23"
"10/3/2022","15663955","1664755799","1007045852068","1.10.23"
"10/4/2022","15671113","1664842199","1009015174348","1.10.23"
"10/5/2022","15678244","1664928599","1010934635368","1.10.23"
"10/6/2022","15685393","1665014999","1012981360933","1.10.23"
"10/7/2022","15692550","1665101399","1013796483980","1.10.23"
"10/8/2022","15699696","1665187799","1016125118624","1.10.23"
"10/9/2022","15706865","1665274199","1015634910477","1.10.23"
"10/10/2022","15714027","1665360599","1017715337537","1.10.23"
"10/11/2022","15721192","1665446999","1020172368053","1.10.23"
"10/12/2022","15728356","1665533399","1022625972441","1.10.23"
"10/13/2022","15735520","1665619799","1025056703357","1.10.23"
"10/14/2022","15742677","1665706199","1027716904760","1.10.23"
"10/15/2022","15749839","1665792599","1029984692089","1.10.23"
"10/16/2022","15757006","1665878999","1032371056847","1.10.23"
"10/17/2022","15764162","1665965399","1035126186941","1.10.23"
"10/18/2022","15771317","1666051799","1037298183503","1.10.23"
"10/19/2022","15778484","1666138199","1039195355324","1.10.23"
"10/20/2022","15785639","1666224599","1041855637362","1.10.23"
"10/21/2022","15792804","1666310999","1040538109361","1.10.23"
"10/22/2022","15799969","1666397399","1042595309258","1.10.23"
"10/23/2022","15807134","1666483799","1043560407922","1.10.23"
"10/24/2022","15814298","1666570199","1045884335697","1.10.23"
"10/25/2022","15821418","1666656599","1048219100358","1.10.23"
"10/26/2022","15828569","1666742999","1050407063402","1.10.23"
"10/27/2022","15835736","1666829399","1053139860932","1.10.23"
"10/28/2022","15842898","1666915799","1055757962891","1.10.23"
"10/29/2022","15850050","1667002199","1057923445115","1.10.23"
"10/30/2022","15857200","1667088599","1060249459383","1.10.23"
"10/31/2022","15864368","1667174999","1060322175927","1.10.23"
"11/1/2022","15871529","1667261399","1062649519078","1.10.23"
"11/2/2022","15878666","1667347799","1064993196056","1.10.23"
"11/3/2022","15885822","1667434199","1066165513367","1.10.23"
"11/4/2022","15892976","1667520599","1068942945631","1.10.23"
"11/5/2022","15900145","1667606999","1071268590780","1.10.23"
"11/6/2022","15907301","1667693387","1073717409317","1.10.23"
"11/7/2022","15914470","1667779799","1076455170655","1.10.23"
"11/8/2022","15921638","1667866199","1078871269517","1.10.23"
"11/9/2022","15928803","1667952599","1081324427785","1.10.23"
"11/10/2022","15935949","1668038999","1083746346013","1.10.23"
"11/11/2022","15943110","1668125399","1083073715462","1.10.23"
"11/12/2022","15950261","1668211799","1085527333421","1.10.23"
"11/13/2022","15957429","1668298199","1088223121300","1.10.23"
"11/14/2022","15964601","1668384599","1089794332542","1.10.23"
"11/15/2022","15971767","1668470999","1092231353667","1.10.23"
"11/16/2022","15978918","1668557399","1095031806760","1.10.23"
"11/17/2022","15986068","1668643799","1097571438161","1.10.23"
"11/18/2022","15993227","1668730199","1100447414059","1.10.23"
"11/19/2022","16000387","1668816599","1103261056270","1.10.23"
"11/20/2022","16007552","1668902999","1105853516885","1.10.23"
"11/21/2022","16014715","1668989399","1105622068677","1.10.23"
"11/22/2022","16021878","1669075799","1108291673185","1.10.23"
"11/23/2022","16029026","1669162199","1111237752596","1.10.23"
"11/24/2022","16036164","1669248599","1112411474514","1.10.23"
"11/25/2022","16043330","1669334999","1115962359529","1.10.23"
"11/26/2022","16050487","1669421399","1118556511625","1.10.23"
"11/27/2022","16057645","1669507799","1121585646081","1.10.23"
"11/28/2022","16064804","1669594199","1124495644574","1.10.23"
"11/29/2022","16071980","1669680599","1127448299148","1.10.23"
"11/30/2022","16079131","1669766999","1130287260527","1.10.23"
"12/1/2022","16086282","1669853399","1129065936729","1.10.23"
"12/2/2022","16093446","1669939799","1131861061094","1.10.23"
"12/3/2022","16100613","1670026199","1133417493319","1.10.23"
"12/4/2022","16107776","1670112599","1136002714133","1.10.23"
"12/5/2022","16114930","1670198999","1138946092798","1.10.23"
"12/6/2022","16122074","1670285399","1141905928241","1.10.23"
"12/7/2022","16129244","1670371799","1144803420784","1.10.23"
"12/8/2022","16136319","1670458199","1147299913365","1.10.23"
"12/9/2022","16143480","1670544599","1150310499505","1.10.23"
"12/10/2022","16150630","1670630999","1150821996570","1.10.23"
"12/11/2022","16157797","1670717399","1153796379130","1.10.23"
"12/12/2022","16164957","1670803799","1155746666723","1.10.23"
"12/13/2022","16172113","1670890199","1158673183481","1.10.23"
"12/14/2022","16179263","1670976599","1161589049282","1.10.23"
"12/15/2022","16186426","1671062999","1164438144678","1.10.23"
"12/16/2022","16193583","1671149399","1166817441261","1.10.23"
"12/17/2022","16200742","1671235799","1169597959831","1.10.23"
"12/18/2022","16207905","1671322199","1172523940490","1.10.23"
"12/19/2022","16215066","1671408587","1172483250251","1.10.23"
"12/20/2022","16222232","1671494999","1175046943575","1.10.23"
"12/21/2022","16229400","1671581399","1176389048018","1.10.23"
"12/22/2022","16236563","1671667799","1179330994964","1.10.23"
"12/23/2022","16243741","1671754199","1182627514127","1.10.23"
"12/24/2022","16250921","1671840599","1185093320675","1.10.23"
"12/25/2022","16258087","1671926999","1188397451637","1.10.23"
"12/26/2022","16265255","1672013399","1191433401530","1.10.23"
"12/27/2022","16272417","1672099799","1194349043584","1.10.23"
"12/28/2022","16279573","1672186199","1194252324705","1.10.23"
"12/29/2022","16286746","1672272599","1196809486354","1.10.23"
"12/30/2022","16293907","1672358999","1199425112149","1.10.23"
"12/31/2022","16301073","1672445399","1201207922062","1.10.23"
"1/1/2023","16308239","1672531799","1204461126556","1.10.23"
"1/2/2023","16315411","1672618199","1207376092475","1.10.23"
"1/3/2023","16322582","1672704599","1209919466372","1.10.23"
"1/4/2023","16329750","1672790999","1212762642257","1.10.23"
"1/5/2023","16336918","1672877399","1215572359186","1.10.23"
"1/6/2023","16344073","1672963799","1218477815033","1.10.23"
"1/7/2023","16351233","1673050199","1217608256990","1.10.23"
"1/8/2023","16358396","1673136599","1220382388056","1.10.23"
"1/9/2023","16365561","1673222999","1222185422578","1.10.23"
"1/10/2023","16372728","1673309399","1225064318274","1.10.23"
"1/11/2023","16379894","1673395799","1227279094929","1.10.23"
"1/12/2023","16387048","1673482199","1225228230208","1.10.23"
"1/13/2023","16394204","1673568599","1227750909907","1.10.23"
"1/14/2023","16401367","1673654999","1230098335815","1.10.23"
"1/15/2023","16408537","1673741399","1232806906208","1.10.23"
"1/16/2023","16415683","1673827799","1235646037417","1.10.23"
"1/17/2023","16422843","1673914199","1238455100486","1.10.23"
"1/18/2023","16430014","1674000599","1240057351667","1.10.23"
"1/19/2023","16437179","1674086999","1242425077910","1.10.23"
"1/20/2023","16444338","1674173399","1245868486531","1.10.23"
"1/21/2023","16451507","1674259799","1247750937825","1.10.23"
"1/22/2023","16458670","1674346199","1250370854000","1.10.23"
"1/23/2023","16465829","1674432599","1252423558638","1.10.23"
"1/24/2023","16472995","1674518999","1255298604969","1.10.23"
"1/25/2023","16480161","1674605399","1254094202597","1.10.23"
"1/26/2023","16487319","1674691799","1257042911795","1.10.23"
"1/27/2023","16494485","1674778199","1259590989006","1.10.23"
"1/28/2023","16501638","1674864599","1262459166362","1.10.23"
"1/29/2023","16508807","1674950999","1265391272539","1.10.23"
"1/30/2023","16515966","1675037399","1268193104772","1.10.23"
"1/31/2023","16523134","1675123799","1271027886372","1.10.23"
"2/1/2023","16530297","1675210199","1273310225634","1.10.23"
"2/2/2023","16537456","1675296599","1276098573196","1.10.23"
"2/3/2023","16544597","1675382999","1278507680877","1.10.23"
"2/4/2023","16551750","1675469399","1277069394727","1.10.23"
"2/5/2023","16558906","1675555799","1279809196385","1.10.23"
"2/6/2023","16566072","1675642199","1282455659870","1.10.23"
"2/7/2023","16573239","1675728599","1284128699529","1.10.23"
"2/8/2023","16580387","1675814999","1286494489920","1.10.23"
"2/9/2023","16587526","1675901399","1289142462660","1.10.23"
"2/10/2023","16594681","1675987799","1291494946156","1.10.23"
"2/11/2023","16601849","1676074199","1294188884889","1.10.23"
"2/12/2023","16609007","1676160599","1296496026499","1.10.23"
"2/13/2023","16616165","1676246999","1299338516476","1.10.23"
"2/14/2023","16623324","1676333399","942836386562","1.10.23"
"2/15/2023","16630472","1676419799","944137470095","1.10.23"
"2/16/2023","16637624","1676506199","946544658777","1.10.23"
"2/17/2023","16644782","1676592599","949031216070","1.10.23"
"2/18/2023","16651878","1676678999","951694085800","1.10.23"
"2/19/2023","16658987","1676765399","954441601919","1.10.23"
"2/20/2023","16666105","1676851799","956758077216","1.10.23"
"2/21/2023","16673234","1676938199","959549908424","1.10.23"
"2/22/2023","16680347","1677024599","959157665907","1.10.23"
"2/23/2023","16687444","1677110999","962032932521","1.10.23"
"2/24/2023","16694562","1677197399","964440446679","1.10.23"
"2/25/2023","16701648","1677283799","965644647394","1.10.23"
"2/26/2023","16708759","1677370199","961218525817","1.10.23"
"2/27/2023","16715878","1677456587","964061156119","1.10.23"
"2/28/2023","16723012","1677542999","966863097323","1.10.23"
"3/1/2023","16730120","1677629399","969349766955","1.10.23"
"3/2/2023","16737239","1677715799","972156085707","1.10.23"
"3/3/2023","16744338","1677802199","974866272124","1.10.23"
"3/4/2023","16751436","1677888599","974094419210","1.10.23"
"3/5/2023","16758545","1677974999","976855731749","1.10.23"
"3/6/2023","16765664","1678061399","979137118540","1.10.23"
"3/7/2023","16772776","1678147799","981429453065","1.10.23"
"3/8/2023","16779890","1678234199","982677868445","1.10.23"
"3/9/2023","16786998","1678320599","985053392883","1.10.23"
"3/10/2023","16794111","1678406999","921884560865","1.10.23"
"3/11/2023","16801193","1678493399","924268634863","1.10.23"
"3/12/2023","16808309","1678579823","926493996091","1.10.23"
"3/13/2023","16815414","1678666199","928952568060","1.10.23"
"3/14/2023","16822540","1678752599","931832783915","1.10.23"
"3/15/2023","16829658","1678838999","933243450051","1.10.23"
"3/16/2023","16836760","1678925399","935709362695","1.10.23"
"3/17/2023","16843879","1679011799","938613115480","1.10.23"
"3/18/2023","16850994","1679098199","941280619306","1.10.23"
"3/19/2023","16858115","1679184599","942589962978","1.10.23"
"3/20/2023","16865230","1679270999","944409585279","1.10.23"
"3/21/2023","16872360","1679357387","946561035917","1.10.23"
"3/22/2023","16879476","1679443799","949181141337","1.10.23"
"3/23/2023","16886598","1679530199","951675916391","1.10.23"
"3/24/2023","16893705","1679616599","955042791030","1.10.23"
"3/25/2023","16900827","1679702999","957495240298","1.10.23"
"3/26/2023","16907949","1679789399","958218464008","1.10.23"
"3/27/2023","16915071","1679875799","934596974445","1.10.23"
"3/28/2023","16922186","1679962199","937068389994","1.10.23"
"3/29/2023","16929297","1680048599","939897714913","1.10.23"
"3/30/2023","16936409","1680134999","942831165777","1.10.23"
"3/31/2023","16943528","1680221399","945411579240","1.11.5"
"4/1/2023","16950652","1680307799","947913315439","1.11.5"
"4/2/2023","16957765","1680394199","950827195362","1.11.5"
"4/3/2023","16964863","1680480599","953694492955","1.11.5"
"4/4/2023","16971941","1680566999","956682626161","1.11.5"
"4/5/2023","16978963","1680653399","954992798521","1.11.5"
"4/6/2023","16986004","1680739799","958161391714","1.11.5"
"4/7/2023","16992998","1680826199","961277916692","1.11.5"
"4/8/2023","17000059","1680912599","963217925306","1.11.5"
"4/9/2023","17007121","1680998999","966231629136","1.11.5"
"4/10/2023","17014165","1681085399","969353878825","1.11.5"
"4/11/2023","17021230","1681171799","972840574593","1.11.5"
"4/12/2023","17028289","1681258199","975393979404","1.11.5"
"4/13/2023","17035301","1681344599","978394017489","1.11.5"
"4/14/2023","17041815","1681430999","980807035916","1.11.5"
"4/15/2023","17048820","1681517399","979113515434","1.11.5"
"4/16/2023","17055839","1681603799","982267031397","1.11.5"
"4/17/2023","17062882","1681690199","984599589103","1.11.5"
"4/18/2023","17069946","1681776599","987272674326","1.11.5"
"4/19/2023","17077016","1681862999","989926550824","1.11.5"
"4/20/2023","17084097","1681949399","992401349614","1.11.5"
"4/21/2023","17091124","1682035799","994902428978","1.11.5"
"4/22/2023","17098222","1682122199","997476760340","1.11.5"
"4/23/2023","17105358","1682208599","1000517199096","1.11.5"
"4/24/2023","17112489","1682294999","1003282241144","1.11.5"
"4/25/2023","17119621","1682381399","1000310016640","1.11.5"
"4/26/2023","17126744","1682467799","1002976701179","1.11.5"
"4/27/2023","17133869","1682554199","1006101478502","1.11.5"
"4/28/2023","17140978","1682640599","1007682462787","1.11.5"
"4/29/2023","17148100","1682726999","1010321172785","1.11.5"
"4/30/2023","17155213","1682813399","1013025719721","1.11.5"
"5/1/2023","17162334","1682899799","1016033584717","1.11.5"
"5/2/2023","17169444","1682986199","1018543618282","1.11.5"
"5/3/2023","17176555","1683072599","1020601953084","1.11.5"
"5/4/2023","17183655","1683158999","1023118452691","1.11.5"
"5/5/2023","17190779","1683245399","1026003788902","1.11.5"
"5/6/2023","17197908","1683331799","1028009920246","1.11.5"
"5/7/2023","17205017","1683418199","1024088490079","1.11.5"
"5/8/2023","17212129","1683504599","1026405195829","1.11.5"
"5/9/2023","17219243","1683590999","1028432862363","1.11.5"
"5/10/2023","17226356","1683677399","1030920839111","1.11.5"
"5/11/2023","17233462","1683763799","1033263902216","1.11.5"
"5/12/2023","17240504","1683850199","1033658972060","1.11.5"
"5/13/2023","17247422","1683936599","1036068983908","1.11.5"
"5/14/2023","17254501","1684022999","1038914699365","1.11.5"
"5/15/2023","17261553","1684109399","1041419444746","1.11.5"
"5/16/2023","17268636","1684195799","1044268134033","1.11.5"
"5/17/2023","17275721","1684282199","1046281666118","1.11.5"
"5/18/2023","17282794","1684368599","1049045424626","1.11.5"
"5/19/2023","17289905","1684454999","1051580622674","1.11.5"
"5/20/2023","17296989","1684541399","1047319155059","1.11.5"
"5/21/2023","17304099","1684627799","1050255754171","1.11.5"
"5/21/2023","17304099","1684627799","1050255754171","1.11.5"
"5/22/2023","17311193","1684714199","1052774802518","1.11.5"
"5/23/2023","17318302","1684800599","1055065614332","1.11.5"
"5/24/2023","17325399","1684886999","1055859564016","1.11.5"
"5/25/2023","17332511","1684973399","1058323256918","1.11.5"
"5/26/2023","17339621","1685059799","1061063817543","1.11.5"
"5/27/2023","17346740","1685146199","1063467846231","1.11.5"
"5/28/2023","17353866","1685232599","1066428463327","1.11.5"
"5/29/2023","17360996","1685318999","1068912962054","1.11.5"
"5/30/2023","17368110","1685405399","1071358551244","1.11.5"
"5/31/2023","17375213","1685491799","1068584274972","1.11.5"
"6/1/2023","17382315","1685578199","1071181062211","1.11.5"
"6/2/2023","17389414","1685664599","1073960195229","1.11.5"
"6/3/2023","17396504","1685750999","1076409251409","1.11.5"
"6/4/2023","17403605","1685837399","1079330092030","1.11.5"
"6/5/2023","17410695","1685923799","1080737876167","1.11.5"
"6/6/2023","17417766","1686010199","1083294839699","1.11.5"
"6/7/2023","17424863","1686096599","1086357684280","1.11.5"
"6/8/2023","17431953","1686182999","1089322651921","1.11.5"
"6/9/2023","17439028","1686269399","1091890332000","1.11.5"
"6/10/2023","17446129","1686355799","1094918823847","1.11.5"
"6/11/2023","17453235","1686442199","1092256480566","1.11.5"
"6/12/2023","17460330","1686528599","1095926608566","1.11.5"
"6/13/2023","17467432","1686614999","1099021459179","1.11.5"
"6/14/2023","17474545","1686701399","1101026633316","1.11.5"
"6/15/2023","17481641","1686787799","1103486665654","1.11.5"
"6/16/2023","17488749","1686874199","1106782611286","1.11.5"
"6/17/2023","17495868","1686960599","1109426718451","1.11.5"
"6/18/2023","17503010","1687046999","1112508512402","1.11.5"
"6/19/2023","17510137","1687133399","1115600044536","1.11.5"
"6/20/2023","17517258","1687219799","1118732178968","1.11.5"
"6/21/2023","17524378","1687306199","1116008696300","1.11.5"
"6/22/2023","17531512","1687392599","1119025051101","1.11.5"
"6/23/2023","17538631","1687479047","1121948052818","1.11.5"
"6/24/2023","17545737","1687565399","1123319626321","1.11.5"
"6/25/2023","17552848","1687651799","1126467085700","1.11.5"
"6/26/2023","17559957","1687738199","1129981158833","1.11.5"
"6/27/2023","17567062","1687824599","1133067593249","1.11.5"
"6/28/2023","17574158","1687910999","1136172238782","1.11.5"
"6/29/2023","17581302","1687997399","1138771947496","1.11.5"
"6/30/2023","17588435","1688083799","1141248729485","1.11.5"
"7/1/2023","17595559","1688170199","1138407781274","1.11.5"
"7/2/2023","17602669","1688256599","1141381442145","1.11.5"
"7/3/2023","17609799","1688342999","1144474429021","1.11.5"
"7/4/2023","17616911","1688429399","1147092815996","1.11.5"
"7/5/2023","17624022","1688515787","1148641547058","1.11.5"
"7/6/2023","17631154","1688602199","1150936029218","1.11.5"
"7/7/2023","17638273","1688688599","1153544394892","1.11.5"
"7/8/2023","17645396","1688774999","1155620138448","1.11.5"
"7/9/2023","17652509","1688861399","1158427060346","1.11.5"
"7/10/2023","17659621","1688947799","1160926134022","1.11.5"
"7/11/2023","17666724","1689034199","1156915338038","1.11.5"
"7/12/2023","17673837","1689120599","1159524535700","1.11.5"
"7/13/2023","17680947","1689206999","1158649601272","1.11.5"
"7/14/2023","17688050","1689293399","1161715017455","1.11.5"
"7/15/2023","17695159","1689379799","1164590179310","1.11.5"
"7/16/2023","17702218","1689466199","1167523812013","1.11.5"
"7/17/2023","17709322","1689552599","1168390700799","1.11.5"
"7/18/2023","17716459","1689638999","1171222429293","1.11.5"
"7/19/2023","17723586","1689725399","1173572470765","1.11.5"
"7/20/2023","17730716","1689811799","1176016117858","1.11.5"
"7/21/2023","17737858","1689898199","1178880105484","1.11.5"
"7/22/2023","17744999","1689984599","1181289835290","1.11.5"
"7/23/2023","17752151","1690070999","1184064557265","1.11.5"
"7/24/2023","17759298","1690157399","1186585897091","1.11.5"
"7/25/2023","17766447","1690243799","1189121505376","1.11.5"
"7/26/2023","17773588","1690330199","1191614353823","1.11.5"
"7/27/2023","17780741","1690416599","1194271256149","1.11.5"
"7/28/2023","17787886","1690502999","1196914029020","1.11.5"
"7/29/2023","17795031","1690589399","1197336396677","1.11.5"
"7/30/2023","17802180","1690675799","1199908752119","1.11.5"
"7/31/2023","17809324","1690762199","1202084458562","1.11.5"
"8/1/2023","17816482","1690848599","1205024168778","1.11.5"
"8/2/2023","17823644","1690934999","1205778246745","1.11.5"
"8/3/2023","17830805","1691021399","1208208807063","1.11.5"
"8/4/2023","17837950","1691107799","1210756688842","1.11.5"
"8/5/2023","17845102","1691194199","1208497804272","1.11.5"
"8/6/2023","17852256","1691280599","1211500884981","1.11.5"
"8/7/2023","17859393","1691366999","1214232439117","1.11.5"
"8/8/2023","17866537","1691453399","1217233942720","1.11.5"
"8/9/2023","17873680","1691539799","1219978562854","1.11.5"
"8/10/2023","17880826","1691626199","1222891632972","1.11.5"
"8/11/2023","17887972","1691712599","1225560443244","1.11.5"
"8/12/2023","17895119","1691798999","1228473654247","1.11.5"
"8/13/2023","17902266","1691885399","1231600212334","1.11.5"
"8/14/2023","17909427","1691971847","1234675467334","1.11.5"
"8/15/2023","17916574","1692058199","1237263749283","1.11.5"
"8/16/2023","17923725","1692144599","1240349597664","1.11.5"
"8/17/2023","17930873","1692230975","1235520870050","1.11.5"
"8/18/2023","17938017","1692317399","1238722673190","1.11.5"
"8/19/2023","17945158","1692403799","1241657485608","1.11.5"
"8/20/2023","17952300","1692490199","1244761134959","1.11.5"
"8/21/2023","17959442","1692576599","1247872079600","1.11.5"
"8/22/2023","17966587","1692662999","1249323088524","1.11.5"
"8/23/2023","17973740","1692749387","1251892609238","1.11.5"
"8/24/2023","17980899","1692835799","1254825586054","1.11.5"
"8/25/2023","17988044","1692922199","1257471804431","1.11.5"
"8/26/2023","17995189","1693008599","1260333655652","1.11.5"
"8/27/2023","18002334","1693094999","1263367218109","1.11.5"
"8/28/2023","18009476","1693181399","1266483010130","1.11.5"
"8/29/2023","18016623","1693267799","1260826677587","1.11.5"
"8/30/2023","18023753","1693354199","1263355973221","1.11.5"
"8/31/2023","18030890","1693440599","1265974082409","1.11.5"
"9/1/2023","18038037","1693526999","1269615064430","1.11.5"
"9/2/2023","18045179","1693613399","1272582911338","1.11.5"
"9/3/2023","18052301","1693699799","1274276625657","1.11.5"
"9/4/2023","18059447","1693786199","1277899280756","1.11.5"
"9/5/2023","18066610","1693872599","1280458345670","1.11.5"
"9/6/2023","18073751","1693958999","1283377388316","1.11.5"
"9/7/2023","18080884","1694045399","1285987860997","1.11.5"
"9/8/2023","18088040","1694131859","1289306768270","1.11.5"
"9/9/2023","18095175","1694218199","1291759234180","1.11.5"
"9/10/2023","18102311","1694304599","1287544113170","1.11.5"
"9/11/2023","18109450","1694390999","1291224808841","1.11.5"
"9/12/2023","18116593","1694477399","1294183502188","1.11.5"
"9/13/2023","18123726","1694563799","1297273530133","1.11.5"
"9/14/2023","18130858","1694650199","1299379825755","1.11.5"
"9/15/2023","18137978","1694736599","1302386692159","1.11.5"
"9/16/2023","18145069","1694822999","1305417257604","1.11.5"
"9/17/2023","18152148","1694909399","1308497967828","1.11.5"
"9/18/2023","18159190","1694995799","1311500154498","1.11.5"
"9/19/2023","18166303","1695082199","1314930071512","1.11.5"
"9/20/2023","18173441","1695168599","1309670859104","1.11.5"
"9/21/2023","18180591","1695254999","1312751787425","1.11.5"
"9/22/2023","18187731","1695341399","1316191492997","1.11.5"
"9/23/2023","18194857","1695427799","1319258137543","1.11.5"
"9/24/2023","18202000","1695514199","1322859875930","1.11.5"
"9/25/2023","18209139","1695600599","1324723260044","1.11.5"
"9/26/2023","18216287","1695686999","1327903677696","1.11.5"
"9/27/2023","18223434","1695773399","1331018076315","1.11.5"
"9/28/2023","18230580","1695859799","1334227506635","1.11.5"
"9/29/2023","18237715","1695946199","1337735747619","1.11.5"
"9/30/2023","18244854","1696032599","1333017543243","1.11.5"
"10/1/2023","18252013","1696118999","1336243157659","1.11.5"
"10/2/2023","18259172","1696205399","1339873803679","1.11.5"
"10/3/2023","18266342","1696291799","1343108992557","1.11.5"
"10/4/2023","18273484","1696378199","1345757403703","1.11.5"
"10/5/2023","18280642","1696464599","1347647473655","1.11.5"
"10/6/2023","18287793","1696550999","1350884353974","1.11.5"
"10/7/2023","18294943","1696637399","1354011104516","1.11.5"
"10/8/2023","18302098","1696723799","1357491852261","1.11.5"
"10/9/2023","18309247","1696810199","1361052957389","1.11.5"
"10/10/2023","18316388","1696896599","1364153546822","1.11.5"
"10/11/2023","18323539","1696982999","1359284720994","1.11.5"
"10/12/2023","18330674","1697069399","1362412815758","1.11.5"
"10/13/2023","18337815","1697155799","1366362224086","1.11.5"
"10/14/2023","18344956","1697242199","1369564988652","1.11.5"
"10/15/2023","18352108","1697328599","1371296923816","1.11.5"
"10/16/2023","18359261","1697414999","1374954527064","1.11.5"
"10/17/2023","18366428","1697501399","1377941061132","1.11.5"
"10/18/2023","18373578","1697587799","1381049609281","1.11.5"
"10/19/2023","18380720","1697674199","1384017836917","1.11.5"
"10/20/2023","18387875","1697760683","1387208920048","1.11.5"
"10/21/2023","18395023","1697846999","1389851895971","1.11.5"
"10/22/2023","18402170","1697933399","1384945581813","1.11.5"
"10/23/2023","18409315","1698019799","1388099770715","1.11.5"
"10/24/2023","18416456","1698106199","1391334628713","1.11.5"
"10/25/2023","18423599","1698192599","1394362149514","1.11.5"
"10/26/2023","18430726","1698278999","1395582280016","1.11.5"
"10/27/2023","18437875","1698365399","1398478996709","1.11.5"
"10/28/2023","18445032","1698451799","1401283236331","1.11.5"
"10/29/2023","18452176","1698538199","1404273742705","1.11.5"
"10/30/2023","18459318","1698624599","1406818478966","1.11.5"
"10/31/2023","18466457","1698710999","1409882480224","1.11.5"
"11/1/2023","18473591","1698797399","1412839667039","1.11.5"
"11/2/2023","18480742","1698883799","1407079475317","1.11.5"
"11/3/2023","18487874","1698970199","1410035686271","1.11.5"
"11/4/2023","18495013","1699056599","1413035110702","1.11.5"
"11/5/2023","18502148","1699142999","1416109633086","1.11.5"
"11/6/2023","18509281","1699229399","1418999048142","1.11.5"
"11/7/2023","18516421","1699315799","1420261046019","1.11.5"
"11/8/2023","18523571","1699402199","1423224253650","1.11.5"
"11/9/2023","18530724","1699488599","1426229358245","1.11.5"
"11/10/2023","18537876","1699574999","1428901675369","1.11.5"
"11/11/2023","18545029","1699661399","1431570809371","1.11.5"
"11/12/2023","18552172","1699747799","1434614381997","1.11.5"
"11/13/2023","18559316","1699834199","1437756564123","1.11.5"
"11/14/2023","18566468","1699920599","1432081188470","1.11.5"
"11/15/2023","18573628","1700006999","1435049542959","1.11.5"
"11/16/2023","18580776","1700093399","1437654920850","1.11.5"
"11/17/2023","18587932","1700179811","1440615002421","1.11.5"
"11/18/2023","18595078","1700266199","1443775902863","1.11.5"
"11/19/2023","18602194","1700352599","1445042456652","1.11.5"
"11/20/2023","18609333","1700438999","1448589781206","1.11.5"
"11/21/2023","18616477","1700525399","1451222007371","1.11.5"
"11/22/2023","18623623","1700611799","1454326761681","1.11.5"
"11/23/2023","18630765","1700698199","1456983846431","1.11.5"
"11/24/2023","18637909","1700784599","1460355057553","1.11.5"
"11/25/2023","18645044","1700870999","1451530771226","1.11.5"
"11/26/2023","18652189","1700957399","1447474515167","1.11.5"
"11/27/2023","18659322","1701043799","1450366927665","1.11.5"
"11/28/2023","18666459","1701130199","1453365393544","1.11.5"
"11/29/2023","18673603","1701216599","1456362383910","1.11.5"
"11/30/2023","18680754","1701302999","1458964957992","1.11.5"
"12/1/2023","18687900","1701389399","1460383690981","1.11.5"
"12/2/2023","18695051","1701475799","1463163474737","1.11.5"
"12/3/2023","18702208","1701562199","1466238036252","1.11.5"
"12/4/2023","18709336","1701648599","1469219352568","1.11.5"
"12/5/2023","18716487","1701734999","1472630738276","1.11.5"
"12/6/2023","18723627","1701821399","1475132572513","1.11.5"
"12/7/2023","18730750","1701907799","1478225939101","1.11.5"
"12/8/2023","18737877","1701994199","1481615226754","1.11.5"
"12/9/2023","18745012","1702080599","1484922505346","1.11.5"
"12/10/2023","18752146","1702166999","1488104395512","1.11.5"
"12/11/2023","18759296","1702253399","1491701257534","1.11.5"
"12/12/2023","18766442","1702339799","1493234970870","1.11.5"
"12/13/2023","18773588","1702426211","1496579694314","1.11.5"
"12/14/2023","18780723","1702512599","1498049126912","1.11.5"
"12/15/2023","18787853","1702598999","1500060921973","1.11.5"
"12/16/2023","18794987","1702685399","1503059366026","1.11.5"
"12/17/2023","18802095","1702771799","1504286009115","1.11.5"
"12/18/2023","18809217","1702858199","1504386594799","1.11.5"
"12/19/2023","18816353","1702944599","1507736564812","1.11.5"
"12/20/2023","18823467","1703030999","1510724921155","1.11.5"
"12/21/2023","18830581","1703117399","1513866159774","1.11.5"
"12/22/2023","18837727","1703203799","1517029022905","1.11.5"
"12/23/2023","18844857","1703290199","1520374424527","1.11.5"
"12/24/2023","18851985","1703376599","1523579244825","1.11.5"
"12/25/2023","18859099","1703462999","1527287646621","1.11.5"
"12/26/2023","18866206","1703549399","1530558697575","1.11.5"
"12/27/2023","18873348","1703635799","1534189504550","1.11.5"
"12/28/2023","18880456","1703722199","1537019104944","1.11.5"
"12/29/2023","18887584","1703808599","1533396589111","1.11.5"
"12/30/2023","18894697","1703894999","1536644853346","1.11.5"
"12/31/2023","18901806","1703981399","1539948905137","1.11.5"
"1/1/2024","18908942","1704067799","1543423336687","1.11.5"
"1/2/2024","18916049","1704154199","1546150031556","1.11.5"
"1/3/2024","18923173","1704240599","1549532310705","1.11.5"
"1/4/2024","18930302","1704326999","1552668481903","1.11.5"
"1/5/2024","18937430","1704413399","1555981054010","1.11.5"
"1/6/2024","18944530","1704499799","1559439160828","1.11.5"
"1/7/2024","18951587","1704586199","1562538898763","1.11.5"
"1/8/2024","18958671","1704672599","1045825237291","1.13.8"
"1/9/2024","18965760","1704758999","1047636266963","1.13.8"
"1/10/2024","18972887","1704845399","1049198501387","1.13.8"
"1/11/2024","18980027","1704931799","1050987280379","1.13.8"
"1/12/2024","18987152","1705018199","1052703126851","1.13.8"
"1/13/2024","18994302","1705104599","1054443464455","1.13.8"
"1/14/2024","19001456","1705190999","1056319457129","1.13.8"
"1/15/2024","19008613","1705277399","1057691998407","1.13.8"
"1/16/2024","19015773","1705363799","1059487601601","1.13.8"
"1/17/2024","19022939","1705450199","1060978350056","1.13.8"
"1/18/2024","19030082","1705536599","1062423811994","1.13.8"
"1/19/2024","19037235","1705622999","1064454456994","1.13.8"
"1/20/2024","19044398","1705709399","1066687999257","1.13.8"
"1/21/2024","19051563","1705795799","1067992544945","1.13.8"
"1/22/2024","19058634","1705882199","1069406711844","1.13.8"
"1/23/2024","19065719","1705968599","1071076553324","1.13.8"
"1/24/2024","19072837","1706054999","1072791027963","1.13.8"
"1/25/2024","19079976","1706141399","1074121426336","1.13.8"
"1/26/2024","19087116","1706227799","1075453466125","1.13.8"
"1/27/2024","19094257","1706314199","1077296890441","1.13.8"
"1/28/2024","19101383","1706400599","1079328344412","1.13.8"
"1/29/2024","19108519","1706486999","1081371221375","1.13.8"
"1/30/2024","19115658","1706573399","1083549750038","1.13.8"
"1/31/2024","19122809","1706659799","1085869653462","1.13.8"
"2/1/2024","19129938","1706746199","1087978308298","1.13.8"
"2/2/2024","19137064","1706832599","1089846452169","1.13.8"
"2/3/2024","19144188","1706918999","1090564058924","1.13.8"
"2/4/2024","19151304","1707005399","1091671253342","1.13.8"
"2/5/2024","19158415","1707091799","1093459144683","1.13.8"
"2/6/2024","19165538","1707178199","1094220675268","1.13.8"
"2/7/2024","19172664","1707264599","1096175664640","1.13.8"
"2/8/2024","19179796","1707350999","1096871630380","1.13.8"
"2/9/2024","19186916","1707437399","1095937406521","1.13.8"
"2/10/2024","19194050","1707523799","1096758318066","1.13.8"
"2/11/2024","19201171","1707610199","1097733390187","1.13.8"
"2/12/2024","19208290","1707696599","1099076994267","1.13.8"
"2/13/2024","19215427","1707782999","1100497203258","1.13.8"
"2/14/2024","19222552","1707869399","1101508340719","1.13.8"
"2/15/2024","19229673","1707955799","1103503337993","1.13.8"
"2/16/2024","19236804","1708042199","1102175784071","1.13.8"
"2/17/2024","19243934","1708128599","1104074364043","1.13.8"
"2/18/2024","19251046","1708214999","1103338849738","1.13.8"
"2/19/2024","19258141","1708301399","1104559241502","1.13.8"
"2/20/2024","19265252","1708387799","1105504753198","1.13.8"
"2/21/2024","19272390","1708474199","1107144193969","1.13.8"
"2/22/2024","19279507","1708560599","1108677242860","1.13.8"
"2/23/2024","19286631","1708646999","1110492533353","1.13.8"
"2/24/2024","19293772","1708733399","1111285761808","1.13.8"
"2/25/2024","19300932","1708819799","1113380521270","1.13.8"
"2/26/2024","19308079","1708906199","1114417956048","1.13.8"
"2/27/2024","19315219","1708992599","1116384347635","1.13.8"
"2/28/2024","19322369","1709078999","1117514084950","1.13.8"
"2/29/2024","19329514","1709165399","1117058679305","1.13.8"
"3/1/2024","19336656","1709251799","1119061191226","1.13.13"
"3/2/2024","19343821","1709338199","1120068204089","1.13.13"
"3/3/2024","19350969","1709424599","1121430503897","1.13.13"
"3/4/2024","19358129","1709510999","1122682820504","1.13.13"
"3/5/2024","19365296","1709597399","1124404841821","1.13.13"
"3/6/2024","19372460","1709683799","1125334919727","1.13.13"
"3/7/2024","19379623","1709770199","1127178220557","1.13.13"
"3/8/2024","19386782","1709856599","1128345935362","1.13.14"
"3/9/2024","19393870","1709942999","1128991112136","1.13.14"
"3/10/2024","19401031","1710029399","1130780147706","1.13.14"
"3/11/2024","19408183","1710115799","1131536813454","1.13.14"
"3/12/2024","19415334","1710202199","1133136761214","1.13.14"
"3/13/2024","19422487","1710288599","1134978118231","1.13.14"
"3/14/2024","19429604","1710374999","1133279363844","1.13.14"
"3/15/2024","19436694","1710461399","1134056867521","1.13.14"
"3/16/2024","19443815","1710547799","1134953831077","1.13.14"
"3/17/2024","19450918","1710634199","1136037859184","1.13.14"
"3/18/2024","19458032","1710720599","1136855256640","1.13.14"
"3/19/2024","19465145","1710806999","1135848515504","1.13.14"
"3/20/2024","19472264","1710893399","1134507178659","1.13.14"
"3/21/2024","19479390","1710979799","1135281362126","1.13.14"
"3/22/2024","19486506","1711066199","1136280987832","1.13.14"
"3/23/2024","19493640","1711152599","1137184264974","1.13.14"
"3/24/2024","19500759","1711238999","1138181141139","1.13.14"
"3/25/2024","19507862","1711325399","1139084148968","1.13.14"
"3/26/2024","19514955","1711411799","1140039930352","1.13.14"
"3/27/2024","19522052","1711498199","1141168807666","1.13.14"
"3/28/2024","19528971","1711584599","1142409141761","1.13.14"
"3/29/2024","19536001","1711670999","1143383360502","1.13.14"
"3/30/2024","19543123","1711757399","1143808047907","1.13.14"
"3/31/2024","19550231","1711843799","1142889944359","1.13.14"
"4/1/2024","19557338","1711930199","1143777915675","1.13.14"
"4/2/2024","19564457","1712016587","1144761866979","1.13.14"
"4/3/2024","19571581","1712102999","1145572070630","1.13.14"
"4/4/2024","19578732","1712189399","1146282669437","1.13.14"
"4/5/2024","19585878","1712275799","1147490313504","1.13.14"
"4/6/2024","19593019","1712362199","1148711586863","1.13.14"
"4/7/2024","19600163","1712448599","1145457171462","1.13.14"
"4/8/2024","19607291","1712534999","1145541714471","1.13.14"
"4/9/2024","19614425","1712621399","1146598387697","1.13.14"
"4/10/2024","19621566","1712707799","1147550435125","1.13.14"
"4/11/2024","19628718","1712794199","1148583084461","1.13.14"
"4/12/2024","19635859","1712880599","1149687443735","1.13.14"
"4/13/2024","19643002","1712966999","1150510770549","1.13.14"
"4/14/2024","19650116","1713053399","1149294809614","1.13.14"
"4/15/2024","19657250","1713139799","1150373149937","1.13.14"
"4/16/2024","19664387","1713226199","1151184810922","1.13.14"
"4/17/2024","19671520","1713312599","1152362523691","1.13.14"
"4/18/2024","19678675","1713398999","1153353046411","1.13.14"
"4/19/2024","19685826","1713485399","1154127991500","1.13.14"
"4/20/2024","19692963","1713571799","1155132458997","1.13.14"
"4/21/2024","19700112","1713658199","1155965023467","1.13.14"
"4/22/2024","19707272","1713744599","1156627853278","1.13.14"
"4/23/2024","19714422","1713830999","1158235508347","1.13.14"
"4/24/2024","19721576","1713917399","1158664414741","1.13.14"
"4/25/2024","19728713","1714003799","1159472193359","1.13.14"
"4/26/2024","19735871","1714090199","1158288433463","1.13.14"
"4/27/2024","19743005","1714176599","1159364207579","1.13.14"
"4/28/2024","19750152","1714262999","1160107815472","1.13.14"
"4/29/2024","19757300","1714349399","1161351083039","1.13.14"
"4/30/2024","19764450","1714435799","1161894753382","1.13.14"
"5/1/2024","19771609","1714522199","1161325632355","1.13.14"
"5/2/2024","19778775","1714608599","1162425170947","1.13.14"
"5/3/2024","19785919","1714694999","1162947604990","1.13.15"
"5/4/2024","19793072","1714781399","1164056309468","1.13.15"
"5/5/2024","19800228","1714867799","1165116225545","1.13.15"
"5/6/2024","19807380","1714954199","1165888674665","1.13.15"
"5/7/2024","19814527","1715040599","1166767270115","1.13.15"
"5/8/2024","19821673","1715126999","1167898182818","1.13.15"
"5/9/2024","19828820","1715213399","1168763506669","1.13.15"
"5/10/2024","19835971","1715299799","1169489510408","1.13.15"
"5/11/2024","19843125","1715386199","1168440053688","1.13.15"
"5/12/2024","19850279","1715472599","1169561306890","1.13.15"
"5/13/2024","19857427","1715558999","1170177810907","1.13.15"
"5/14/2024","19864583","1715645399","1169391408993","1.13.15"
"5/15/2024","19871702","1715731799","1169854851911","1.13.15"
"5/16/2024","19878868","1715818199","1171054557040","1.13.15"
"5/17/2024","19886026","1715904599","1171529946074","1.14.3"
"5/18/2024","19893171","1715990999","1172560488296","1.14.3"
"5/19/2024","19900316","1716077399","1173597254448","1.14.3"
"5/20/2024","19907468","1716163799","1174483015556","1.14.3"
"5/21/2024","19914613","1716250199","1175346805431","1.14.3"
"5/22/2024","19921768","1716336599","1176239980893","1.14.3"
"5/23/2024","19928911","1716422999","1177393405916","1.14.3"
"5/24/2024","19936068","1716509399","1178294421241","1.14.3"
"5/25/2024","19943226","1716595799","1179180866071","1.14.3"
"5/26/2024","19950379","1716682199","1177857156433","1.14.3"
"5/27/2024","19957538","1716768599","1178782850738","1.14.3"
"5/28/2024","19964693","1716854999","1179522695379","1.14.3"
"5/29/2024","19971850","1716941399","1180663421787","1.14.3"
"5/30/2024","19978995","1717027799","1181584237424","1.14.3"
"5/31/2024","19986141","1717114199","1182422803918","1.14.3"
"6/1/2024","19993299","1717200599","1183235564678","1.14.3"
"6/2/2024","20000465","1717286999","1182143415702","1.14.3"
"6/3/2024","20007625","1717373399","1182910394145","1.14.3"
"6/4/2024","20014782","1717459799","1181714187150","1.14.3"
"6/5/2024","20021949","1717546187","1182486623815","1.14.3"
"6/6/2024","20029119","1717632599","1183317706110","1.14.3"
"6/7/2024","20036276","1717718999","1183707628946","1.14.4"
"6/8/2024","20043438","1717805399","1184656447721","1.14.4"
"6/9/2024","20050602","1717891799","1183452106738","1.14.4"
"6/10/2024","20057758","1717978199","1184205218179","1.14.4"
"6/11/2024","20064915","1718064599","1185195896131","1.14.4"
"6/12/2024","20072078","1718150999","1186096449526","1.14.4"
"6/13/2024","20079234","1718237399","1187075659586","1.14.4"
"6/14/2024","20086375","1718323799","1187937081737","1.14.5"
"6/15/2024","20093539","1718410199","1188716607766","1.14.5"
"6/16/2024","20100676","1718496599","1189833354588","1.14.5"
"6/17/2024","20107839","1718582999","1190818801041","1.14.5"
"6/18/2024","20114989","1718669399","1191710347997","1.14.5"
"6/19/2024","20122126","1718755799","1190554176354","1.14.5"
"6/20/2024","20129274","1718842199","1191510811420","1.14.5"
"6/21/2024","20136422","1718928599","1192341153244","1.14.5"
"6/22/2024","20143580","1719014999","1191232320424","1.14.5"
"6/23/2024","20150726","1719101399","1192382275755","1.14.5"
"6/24/2024","20157875","1719187799","1193273753936","1.14.5"
"6/25/2024","20165026","1719274199","1194348333075","1.14.5"
"6/26/2024","20172188","1719360599","1195095083301","1.14.5"
"6/27/2024","20179349","1719446999","1195905047192","1.14.5"
"6/28/2024","20186511","1719533399","1196657217441","1.14.5"
"6/29/2024","20193674","1719619799","1197362830718","1.14.5"
"6/30/2024","20200832","1719706199","1198422753048","1.14.5"
"7/1/2024","20207998","1719792599","1199266502801","1.14.5"
"7/2/2024","20215162","1719878999","1200123526718","1.14.5"
"7/3/2024","20222312","1719965399","1201005391580","1.14.5"
"7/4/2024","20229476","1720051799","1201857560155","1.14.5"
"7/5/2024","20236630","1720138199","1202646788374","1.14.5"
"7/6/2024","20243797","1720224599","1201490087211","1.14.5"
"7/7/2024","20250963","1720310999","1202384599701","1.14.5"
"7/8/2024","20258123","1720397399","1203381025994","1.14.5"
"7/9/2024","20265267","1720483799","1204161743691","1.14.5"
"7/10/2024","20272423","1720570199","1205019514394","1.14.5"
"7/11/2024","20279589","1720656599","1203760181029","1.14.5"
"7/12/2024","20286758","1720743035","1204539744373","1.14.5"
"7/13/2024","20293918","1720829399","1205348954149","1.14.5"
"7/14/2024","20301070","1720915799","1204125602960","1.14.5"
"7/15/2024","20308236","1721002199","1204887702083","1.14.5"
"7/16/2024","20315395","1721088599","1205782768545","1.14.5"
"7/17/2024","20322570","1721174999","1206610288993","1.14.5"
"7/18/2024","20329739","1721261399","1207177764466","1.14.7"
"7/19/2024","20336900","1721347799","1208191939072","1.14.7"
"7/20/2024","20344072","1721434199","1209045630350","1.14.7"
"7/21/2024","20351235","1721520599","1209979026162","1.14.7"
"7/22/2024","20358400","1721606999","1210703345150","1.14.7"
"7/23/2024","20365560","1721693399","1211575373886","1.14.7"
"7/24/2024","20372725","1721779799","1212303337751","1.14.7"
"7/25/2024","20379888","1721866199","1213157549237","1.14.7"
"7/26/2024","20387049","1721952599","1213986472417","1.14.7"
"7/27/2024","20394210","1722038999","1214964310280","1.14.7"
"7/28/2024","20401371","1722125399","1215945573975","1.14.7"
"7/29/2024","20408547","1722211799","1216738549666","1.14.7"
"7/30/2024","20415717","1722298187","1215605255650","1.14.7"
"7/31/2024","20422857","1722384587","1216448076751","1.14.7"
"7/31/2024","20429947","1722470087","1216809784237","1.14.7"
"8/2/2024","20437186","1722557399","1217693962491","1.14.7"
"8/3/2024","20444344","1722643799","1216647070851","1.14.7"
"8/4/2024","20451509","1722730199","1217357657598","1.14.7"
"8/5/2024","20458687","1722816599","1218379095102","1.14.7"
"8/6/2024","20465856","1722902999","1217281130826","1.14.7"
"8/7/2024","20473020","1722989399","1216106945509","1.14.7"
"8/9/2024","20487366","1723162199","1217521934332","1.14.7"
"8/10/2024","20494534","1723248599","1218562951634","1.14.7"
"8/11/2024","20501704","1723334999","1219448796582","1.14.7"
"8/12/2024","20508863","1723421399","1220309205261","1.14.7"
"8/13/2024","20516030","1723507799","1221029219641","1.14.7"
"8/14/2024","20523197","1723594199","1221872699775","1.14.7"
"8/15/2024","20530361","1723680623","1222662571916","1.14.7"
"8/16/2024","20537512","1723766999","1223473798477","1.14.7"
"8/17/2024","20544676","1723853399","1222267083158","1.14.7"
"8/18/2024","20551833","1723939799","1223218704164","1.14.7"
"8/19/2024","20559006","1724026199","1224135299268","1.14.7"
"8/20/2024","20566164","1724112599","1225023741431","1.14.7"
"8/21/2024","20573321","1724198999","1225822904013","1.14.7"
"8/22/2024","20580478","1724285399","1226667106956","1.14.7"
"8/23/2024","20587638","1724371799","1227296726103","1.14.7"
"8/24/2024","20594791","1724458199","1228384512405","1.14.7"
"8/25/2024","20601939","1724544599","1229254579945","1.14.7"
"8/26/2024","20609096","1724630999","1230168075079","1.14.7"
"8/27/2024","20616252","1724717399","1231006710329","1.14.7"
"8/28/2024","20623417","1724803799","1231894021609","1.14.7"
"8/29/2024","20630576","1724890199","1232843842569","1.14.7"
"8/30/2024","20637725","1724976599","1233157856675","1.14.7"
"8/31/2024","20644881","1725062999","1233991228979","1.14.7"
"9/1/2024","20652043","1725149399","1230864596258","1.14.7"
"9/2/2024","20659207","1725235799","1231818668449","1.14.7"
"9/3/2024","20666377","1725322199","1232618721585","1.14.7"
"9/4/2024","20673547","1725408599","1233466256728","1.14.7"
"9/5/2024","20680712","1725494999","1232210930361","1.14.7"
"9/6/2024","20687880","1725581399","1233039834035","1.14.7"
"9/7/2024","20695041","1725667799","1234019145715","1.14.7"
"9/8/2024","20702220","1725754199","1234741712100","1.14.7"
"9/9/2024","20709379","1725840599","1235844916906","1.14.7"
"9/10/2024","20716546","1725926999","1236595537866","1.14.7"
"9/11/2024","20723699","1726013399","1237411406521","1.14.7"
"9/12/2024","20730861","1726099799","1238218976728","1.14.7"
"9/13/2024","20738015","1726186199","1238929366148","1.14.7"
"9/14/2024","20745182","1726272599","1239747268819","1.14.7"
"9/15/2024","20752337","1726358999","1240579355643","1.14.7"
"9/16/2024","20759514","1726445399","1241536783633","1.14.7"
"9/17/2024","20766667","1726531799","1242368136951","1.14.7"
"9/18/2024","20773810","1726618199","1243042332951","1.14.7"
"9/19/2024","20780966","1726704599","1243810216549","1.14.7"
"9/20/2024","20788133","1726790999","1244425679453","1.14.7"
"9/21/2024","20795288","1726877399","1245218833300","1.14.7"
"9/22/2024","20802439","1726963799","1246014415464","1.14.7"
"9/23/2024","20809612","1727050199","1246717849541","1.14.7"
"9/24/2024","20816775","1727136599","1245573376080","1.14.7"
"9/25/2024","20823950","1727222999","1246238525454","1.14.7"
"9/26/2024","20831110","1727309399","1247063668420","1.14.7"
"9/27/2024","20838281","1727395799","1245839571220","1.14.9"
"9/28/2024","20845455","1727482199","1246775000140","1.14.9"
"9/29/2024","20852622","1727568599","1245577274360","1.14.10"
"9/30/2024","20859790","1727654999","1246481207734","1.14.10"
"10/1/2024","20866967","1727741399","1247293459626","1.14.10"
"10/2/2024","20874135","1727827799","1248177792840","1.14.10"
"10/3/2024","20881310","1727914199","1248990349762","1.14.10"
"10/4/2024","20888474","1728000599","1250179263619","1.14.10"
"10/5/2024","20895653","1728086999","1251130584639","1.14.10"
"10/6/2024","20902834","1728173399","1252013066520","1.14.10"
"10/7/2024","20910004","1728259799","1252890578191","1.14.10"
"10/8/2024","20917176","1728346163","1251724556056","1.14.10"
"10/9/2024","20924352","1728432599","1252538809985","1.14.10"
"10/10/2024","20931531","1728518999","1253326268032","1.14.10"
"10/11/2024","20938707","1728605399","1254212007409","1.14.10"
"10/12/2024","20945861","1728691799","1254844640838","1.14.10"
"10/13/2024","20953006","1728778199","1253651238269","1.14.10"
"10/14/2024","20960139","1728864599","1254456238617","1.14.10"
"10/15/2024","20967294","1728950999","1255346739159","1.14.10"
"10/16/2024","20974451","1729037399","1256253266817","1.14.10"
"10/17/2024","20981610","1729123799","1257127800545","1.14.10"
"10/18/2024","20988774","1729210199","1257770928505","1.14.10"
"10/19/2024","20995941","1729296599","1258546035877","1.14.10"
"10/20/2024","21003113","1729382999","1259550345649","1.14.10"
"10/21/2024","21010280","1729469399","1258298936815","1.14.10"
"10/22/2024","21017450","1729555799","1259277138481","1.14.10"
"10/23/2024","21024608","1729642199","1260096156487","1.14.10"
"10/24/2024","21031783","1729728599","1260977337726","1.14.10"
"10/25/2024","21038955","1729814999","1261852396298","1.14.10"
"10/26/2024","21046126","1729901399","1262821885139","1.14.10"
"10/27/2024","21053285","1729987799","1261671246452","1.14.10"
"10/28/2024","21060462","1730074199","1262563369686","1.14.10"
"10/29/2024","21067620","1730160599","1263555440880","1.14.10"
"10/30/2024","21074788","1730246999","1264513989706","1.14.10"
"10/31/2024","21081944","1730333399","1265254574134","1.14.10"
"11/1/2024","21089118","1730419799","1264328250065","1.14.10"
"11/2/2024","21096288","1730506199","1265080122326","1.14.10"
"11/3/2024","21103442","1730592599","1265989377891","1.14.10"
"11/4/2024","21110608","1730678999","1266914035229","1.14.10"
"11/5/2024","21117777","1730765399","1267956859234","1.14.10"
"11/6/2024","21124938","1730851799","1268821380774","1.14.10"
"11/7/2024","21132100","1730938199","1269730152337","1.14.10"
"11/8/2024","21139259","1731024599","1270454975740","1.14.10"
"11/9/2024","21146417","1731110999","1271334721255","1.14.10"
"11/10/2024","21153591","1731197399","1272279128763","1.14.10"
"11/11/2024","21160764","1731283799","1273090474101","1.14.10"
"11/12/2024","21167933","1731370199","1274077432715","1.14.10"
"11/13/2024","21175095","1731456599","1275212327980","1.14.10"
"11/14/2024","21182262","1731542999","1273947351139","1.14.10"
"11/15/2024","21189421","1731629399","1274779480951","1.14.10"
"11/16/2024","21196580","1731715799","1275614745199","1.14.10"
"11/17/2024","21203753","1731802199","1276526691878","1.14.10"
"11/18/2024","21210924","1731888599","1277487003109","1.14.10"
"11/19/2024","21218099","1731974999","1276419304886","1.14.10"
"11/20/2024","21225275","1732061399","1277255857179","1.14.10"
"11/21/2024","21232435","1732147799","1278139389628","1.14.10"
"11/22/2024","21239597","1732234199","1278715036078","1.14.10"
"11/23/2024","21246760","1732320599","1279779940529","1.14.10"
"11/24/2024","21253929","1732406999","1278807728524","1.14.10"
"11/25/2024","21261095","1732493399","1279567579537","1.14.10"
"11/26/2024","21268252","1732579799","1280507203443","1.14.10"
"11/27/2024","21275418","1732666199","1281345102674","1.14.10"
"11/28/2024","21282572","1732752599","1282312872917","1.14.10"
"11/29/2024","21289682","1732838999","1283117428791","1.14.10"
"11/30/2024","21296827","1732925399","1284157379618","1.14.10"
"12/1/2024","21303983","1733011799","1285047593181","1.14.10"
"12/2/2024","21311155","1733098199","1285911363124","1.14.10"
"12/3/2024","21318308","1733184599","1286882927981","1.14.10"
"12/4/2024","21325465","1733270999","1287702044743","1.14.10"
"12/5/2024","21332627","1733357399","1286711705222","1.14.10"
"12/6/2024","21339782","1733443799","1285645185981","1.14.10"
"12/7/2024","21346944","1733530199","1284595235175","1.14.10"
"12/8/2024","21354097","1733616599","1285558422380","1.14.10"
"12/9/2024","21361267","1733702999","1286307940681","1.14.10"
"12/10/2024","21368439","1733789399","1287164314868","1.14.10"
"12/11/2024","21375595","1733875799","1288213335883","1.14.10"
"12/12/2024","21382751","1733962199","1289026131877","1.14.10"
"12/13/2024","21389917","1734048599","1289770451110","1.14.10"
"12/14/2024","21397079","1734134999","1290753904864","1.14.10"
"12/15/2024","21404246","1734221399","1291655470012","1.14.10"
"12/16/2024","21411406","1734307799","1292668629104","1.14.10"
"12/17/2024","21418578","1734394199","1293589276186","1.14.10"
"12/18/2024","21425749","1734480599","1294355304137","1.14.10"
"12/19/2024","21432902","1734566999","1293390828352","1.14.10"
"12/20/2024","21440059","1734653399","1294743159911","1.14.10"
"12/21/2024","21447224","1734739799","1295572011802","1.14.10"
"12/22/2024","21454364","1734826199","1296417281778","1.14.10"
"12/23/2024","21461521","1734912599","1295429897346","1.14.10"
"12/24/2024","21468665","1734998999","1296460773068","1.14.10"
"12/25/2024","21475813","1735085399","1296922291278","1.14.10"
"12/26/2024","21482974","1735171799","1297895652518","1.14.10"
"12/27/2024","21490127","1735258199","1298292653211","1.14.10"
"12/28/2024","21497285","1735344599","1297299379035","1.14.10"
"12/29/2024","21504451","1735430999","1298266390222","1.14.10"
"12/30/2024","21511621","1735517399","1299200627222","1.14.10"
"12/31/2024","21518782","1735603799","1300015501768","1.14.10"
"1/1/2025","21525940","1735690199","1300999501955","1.14.10"
"1/2/2025","21533108","1735776599","1301719404117","1.14.10"
"1/3/2025","21540282","1735862999","1302304137228","1.14.10"
"1/4/2025","21547445","1735949399","1303156954033","1.14.10"
"1/5/2025","21554606","1736035799","1304024004985","1.14.10"
"1/6/2025","21561759","1736122199","1304910925971","1.14.10"
"1/7/2025","21568913","1736208599","1305787481235","1.14.10"
"1/8/2025","21576085","1736294999","1306662316377","1.14.10"
"1/9/2025","21583252","1736381399","1305478048125","1.14.10"
"1/10/2025","21590411","1736467799","1306550902428","1.14.10"
"1/11/2025","21597570","1736554199","1307528386253","1.14.10"
"1/12/2025","21604730","1736640599","1308512419098","1.14.10"
"1/13/2025","21611902","1736726999","1307500520093","1.14.10"
"1/14/2025","21619054","1736813399","1308298370410","1.14.10"
"1/15/2025","21626211","1736899799","1309104654774","1.14.10"
"1/16/2025","21633374","1736986199","1309958901908","1.14.10"
"1/17/2025","21640541","1737072599","1310656761632","1.14.10"
"1/18/2025","21647702","1737158999","1311787981843","1.14.10"
"1/19/2025","21654864","1737245399","1312712672834","1.14.10"
"1/20/2025","21662024","1737331799","1311547149746","1.14.10"
"1/21/2025","21669196","1737418199","1312537206771","1.14.10"
"1/22/2025","21676355","1737504599","1313419397085","1.14.10"
"1/23/2025","21683521","1737590999","1314370052390","1.14.10"
"1/24/2025","21690686","1737677399","1315272426018","1.14.10"
"1/25/2025","21697854","1737763799","1316109329375","1.14.10"
"1/26/2025","21705016","1737850199","1317097803526","1.14.10"
"1/27/2025","21712179","1737936599","1315954472004","1.14.10"
"1/28/2025","21719352","1738022999","1316703285319","1.14.10"
"1/29/2025","21726515","1738109399","1317713559243","1.14.10"
"1/30/2025","21733676","1738195799","1318581853896","1.14.10"
"1/31/2025","21740842","1738282199","1316566021562","1.14.13"
"2/1/2025","21747998","1738368599","1318021876137","1.14.13"
"2/2/2025","21755160","1738454999","1319010703538","1.14.13"
"2/3/2025","21762314","1738541399","1320192176643","1.14.13"
"2/4/2025","21769471","1738627799","1321035607899","1.14.13"
"2/5/2025","21776624","1738714199","1322183781296","1.14.13"
"2/6/2025","21783789","1738800599","1323753194650","1.14.13"
"2/7/2025","21790955","1738886999","1324956345296","1.14.13"
"2/8/2025","21798124","1738973399","1326353449923","1.14.13"
"2/9/2025","21805282","1739059799","1325425821418","1.14.13"
"2/10/2025","21812447","1739146199","1326550656813","1.14.13"
"2/11/2025","21819609","1739232599","1327622513477","1.14.13"
"2/12/2025","21826770","1739318999","1326682538979","1.14.13"
"2/13/2025","21833895","1739405399","1327596065381","1.14.13"
"2/14/2025","21841040","1739491799","1326716942308","1.14.13"
"2/15/2025","21848168","1739578199","1327654887884","1.14.13"
"2/16/2025","21855300","1739664599","1328470537066","1.14.13"
"2/17/2025","21862442","1739750999","1329559085678","1.14.13"
"2/18/2025","21869586","1739837399","1330419179997","1.14.13"
"2/19/2025","21876748","1739923799","1331414246919","1.14.13"
"2/20/2025","21883904","1740010199","1332429681401","1.14.13"
"2/21/2025","21891042","1740096599","1333423537811","1.14.13"
"2/22/2025","21898205","1740182999","1334459039789","1.14.13"
"2/23/2025","21905360","1740269399","1335509348947","1.14.13"
"2/24/2025","21912514","1740355799","1336569553928","1.14.13"
"2/25/2025","21919669","1740442187","1337922067254","1.14.13"
"2/26/2025","21926832","1740528599","1338753102631","1.14.13"
"2/27/2025","21933997","1740614999","1339801340348","1.14.13"
"2/28/2025","21941169","1740701399","1340961226265","1.14.13"
"3/1/2025","21948340","1740787799","1340222082977","1.14.13"
"3/2/2025","21955512","1740874199","1342095043708","1.14.13"
"3/3/2025","21962685","1740960599","1342976839080","1.14.13"
"3/4/2025","21969850","1741046999","1343980890873","1.14.13"
"3/5/2025","21977016","1741133399","1345041553425","1.14.13"
"3/6/2025","21984178","1741219799","1342038354210","1.14.13"
"3/7/2025","21991336","1741306199","1342861883452","1.14.13"
"3/8/2025","21998488","1741392599","1343783800143","1.14.13"
"3/9/2025","22005640","1741478999","1344865413712","1.14.13"
"3/10/2025","22012800","1741565399","1346143056047","1.14.13"
"3/11/2025","22019957","1741651799","1347236679456","1.14.13"
"3/12/2025","22027114","1741738199","1348762052365","1.14.13"
"3/13/2025","22034274","1741824599","1349598788790","1.14.13"
"3/14/2025","22041445","1741911023","1350345371940","1.14.13"
"3/15/2025","22048603","1741997399","1351792957908","1.14.13"
"3/16/2025","22055771","1742083799","1352796337541","1.14.13"
"3/17/2025","22062933","1742170199","1351753694921","1.14.13"
"3/18/2025","22070094","1742256599","1353148057449","1.14.13"
"3/19/2025","22077248","1742342999","1354137490072","1.14.13"
"3/20/2025","22084406","1742429399","1355020765542","1.14.13"
"3/21/2025","22091568","1742515799","1355847546438","1.14.13"
"3/22/2025","22098744","1742602199","1356959246338","1.14.13"
"3/23/2025","22105911","1742688599","1357973655937","1.14.13"
"3/24/2025","22113084","1742774999","1359106166176","1.14.13"
"3/25/2025","22120250","1742861399","1360382541125","1.14.13"
"3/26/2025","22127400","1742947799","1362029703161","1.14.13"
"3/27/2025","22134575","1743034199","1362846743572","1.14.13"
"3/28/2025","22141738","1743120599","1363583746579","1.14.13"
"3/29/2025","22148898","1743206999","1361055335773","1.14.13"
"3/30/2025","22156051","1743293399","1362386323337","1.14.13"
"3/31/2025","22163221","1743379799","1363621978489","1.14.13"
"4/1/2025","22170384","1743466199","1361142111819","1.14.13"
"4/2/2025","22177549","1743552599","1362080016501","1.14.13"
"4/3/2025","22184719","1743638999","1363259041488","1.14.13"
"4/4/2025","22191876","1743725399","1364435021971","1.14.13"
"4/5/2025","22199049","1743811799","1365361046110","1.14.13"
"4/6/2025","22206200","1743898199","1366472048210","1.14.13"
"4/7/2025","22213355","1743984599","1367231910179","1.14.13"
"4/8/2025","22220505","1744070999","1368226436131","1.14.13"
"4/9/2025","22227674","1744157399","1369298091952","1.14.13"
"4/10/2025","22234843","1744243811","1370321986461","1.14.13"
"4/11/2025","22242020","1744330199","1369731771157","1.14.13"
"4/12/2025","22249196","1744416599","1370740720033","1.14.13"
"4/13/2025","22256372","1744502999","1371909184840","1.14.13"
"4/14/2025","22263549","1744589399","1373063797794","1.14.13"
"4/15/2025","22270717","1744675799","1373830172041","1.14.13"
"4/16/2025","22277875","1744762199","1375037116922","1.14.13"
"4/17/2025","22285046","1744848599","1373991103509","1.14.13"
"4/18/2025","22292207","1744934999","1375797627795","1.14.13"
"4/19/2025","22299376","1745021399","1376653522063","1.14.13"
"4/20/2025","22306543","1745107799","1377957587982","1.14.13"
"4/21/2025","22313700","1745194199","1378668903836","1.14.13"
"4/22/2025","22320867","1745280587","1377719832422","1.14.13"
"4/23/2025","22328039","1745366999","1379006364812","1.14.13"
"4/24/2025","22335203","1745453399","1380417762395","1.14.13"
"4/25/2025","22342357","1745539799","1381560400845","1.14.13"
"4/26/2025","22349530","1745626199","1382814535953","1.14.13"
"4/27/2025","22356708","1745712599","1382204841650","1.14.13"
"4/28/2025","22363888","1745798999","1383476745797","1.14.13"
"4/29/2025","22371046","1745885399","1384533891358","1.14.13"
"4/30/2025","22378200","1745971799","1385506744709","1.14.13"
"5/1/2025","22385343","1746058199","1386517034324","1.14.13"
"5/2/2025","22392475","1746144599","1394939525569","1.15.10"
"5/3/2025","22399593","1746230999","1396519417060","1.15.10"
"5/4/2025","22406741","1746317399","1397507507536","1.15.10"
"5/5/2025","22413874","1746403799","1398770492796","1.15.10"
"5/6/2025","22421016","1746490199","1399574277536","1.15.10"
"5/7/2025","22428140","1746576587","1400417520724","1.15.10"
"5/8/2025","22435177","1746662999","1401456422089","1.15.10"
"5/9/2025","22442269","1746749399","1402459499881","1.15.10"
"5/10/2025","22449346","1746835799","1403381272953","1.15.10"
"5/11/2025","22456449","1746922199","1404237622663","1.15.10"
"5/12/2025","22463558","1747008599","1405753384403","1.15.10"
"5/13/2025","22470658","1747094999","1406229490976","1.15.10"
"5/14/2025","22477768","1747181399","1407465014340","1.15.10"
"5/15/2025","22484871","1747267799","1408446464222","1.15.10"
"5/16/2025","22491986","1747354199","1407339137057","1.15.10"
"5/17/2025","22499098","1747440599","1408208881904","1.15.10"
"5/18/2025","22506230","1747526999","1409285934552","1.15.10"
"5/19/2025","22513350","1747613387","1408209600165","1.15.10"
"5/20/2025","22520476","1747699799","1409056424475","1.15.10"
"5/21/2025","22527606","1747786199","1410030989151","1.15.10"
"5/22/2025","22534747","1747872599","1411136003725","1.15.10"
"5/23/2025","22541898","1747958999","1409479858832","1.15.10"
"5/24/2025","22549043","1748045399","1410538239452","1.15.10"